Concepticon_ID_x,Concepticon_ID_y,clics_form_x,clics_form_y,cosine_similarity
499,24,lumunas,dasal,0.26922536
499,1773,lumunas,libingan,0.20281892
499,1973,lumunas,demonyo,0.21133317
499,1175,lumunas,multo,0.14752342
499,1252,lumunas,bahay,0.26161727
499,930,lumunas,nayon,0.1611857
499,1669,lumunas,nuno,0.19446313
499,823,lumunas,mangkukulam,0.27166426
499,1343,lumunas,araw,0.25527042
499,1313,lumunas,buwan,0.16024655
499,1430,lumunas,bituwin,0.16589801
499,1793,lumunas,kabag,0.33839393
499,937,lumunas,ibon,0.2468454
499,1490,lumunas,daga,0.19450487
499,2348,lumunas,alimango,0.24968156
499,1350,lumunas,matsing,0.18208252
499,862,lumunas,asukal,0.21989854
499,2769,lumunas,karnengbaboy,0.40269354
499,665,lumunas,pukyutan,0.26123938
499,1100,lumunas,lutu,0.2369919
499,1261,lumunas,awit,0.19251794
499,1435,lumunas,maghanap,0.32202786
499,354,lumunas,bayo,0.19644935
499,926,lumunas,bigas,0.2819675
499,1191,lumunas,kanin,0.29018056
499,748,lumunas,hasik,0.21829306
499,146,lumunas,tubo,0.24280195
499,1369,lumunas,ginto,0.2593862
499,410,lumunas,kamote,0.28164977
499,1844,lumunas,paraw,0.34898064
499,1803,lumunas,kahoy,0.2935559
499,3318,lumunas,gaodoar,0.1556116
499,942,lumunas,pulotpukyutan,0.473163
499,1787,lumunas,panghabi,0.47063103
499,634,lumunas,laman,0.3162937
499,284,lumunas,asarol,0.27004483
499,133,lumunas,habi,0.30699414
499,140,lumunas,palayan,0.2578493
499,1524,lumunas,alak,0.23955457
499,2794,lumunas,linang,0.32094806
499,225,lumunas,halo,0.2693786
499,1537,lumunas,tagulan,0.3654991
499,1075,lumunas,panghuli,0.19954574
499,3320,lumunas,silo,0.07845697
499,1342,lumunas,taginit,0.31716555
499,1276,lumunas,taglagas,0.17749903
499,1471,lumunas,taglamig,0.14166714
499,977,lumunas,palaso,0.17551424
499,1539,lumunas,bilao,0.15071252
499,994,lumunas,busog,0.23906535
499,245,lumunas,walis,0.27801067
499,677,lumunas,palakol,0.2721993
499,934,lumunas,kalabawramo,0.37701076
499,1352,lumunas,kampit,0.41529956
499,1895,lumunas,damit,0.33241838
499,945,lumunas,sibat,0.2920396
499,3321,lumunas,lanaw,0.5104826
499,3324,lumunas,bakal,0.25729242
499,3325,lumunas,perlas,0.22803539
499,730,lumunas,ahas,0.22762579
499,3154,lumunas,baboyramo,0.38343787
499,3326,lumunas,katad,0.14967021
499,1616,lumunas,kayo,0.24261889
499,1927,lumunas,kawayanspinyspecies,0.38666275
499,2680,lumunas,gulok,0.27428642
499,846,lumunas,tigre,0.22127017
24,1773,dasal,libingan,0.18229616
24,1973,dasal,demonyo,0.2519971
24,1175,dasal,multo,0.18242316
24,1252,dasal,bahay,0.1399031
24,930,dasal,nayon,0.11120327
24,1669,dasal,nuno,0.19384588
24,823,dasal,mangkukulam,0.3073582
24,1343,dasal,araw,0.28293455
24,1313,dasal,buwan,0.19419181
24,1430,dasal,bituwin,0.25475535
24,1793,dasal,kabag,0.18739124
24,937,dasal,ibon,0.1617479
24,1490,dasal,daga,0.12371528
24,2348,dasal,alimango,0.13137758
24,1350,dasal,matsing,0.12752393
24,862,dasal,asukal,0.07741999
24,2769,dasal,karnengbaboy,0.24425131
24,665,dasal,pukyutan,0.085148044
24,1100,dasal,lutu,0.10286069
24,1261,dasal,awit,0.28634056
24,1435,dasal,maghanap,0.14393346
24,354,dasal,bayo,0.16442172
24,926,dasal,bigas,0.15006918
24,1191,dasal,kanin,0.15017018
24,748,dasal,hasik,0.11129171
24,146,dasal,tubo,0.0959775
24,1369,dasal,ginto,0.12883419
24,410,dasal,kamote,0.17293741
24,1844,dasal,paraw,0.20195623
24,1803,dasal,kahoy,0.12015137
24,3318,dasal,gaodoar,0.07123466
24,942,dasal,pulotpukyutan,0.232211
24,1787,dasal,panghabi,0.1691576
24,634,dasal,laman,0.268508
24,284,dasal,asarol,0.12564576
24,133,dasal,habi,0.15923513
24,140,dasal,palayan,0.14658935
24,1524,dasal,alak,0.13351803
24,2794,dasal,linang,0.17483723
24,225,dasal,halo,0.20953448
24,1537,dasal,tagulan,0.22925805
24,1075,dasal,panghuli,0.21549661
24,3320,dasal,silo,0.0875538
24,1342,dasal,taginit,0.14068282
24,1276,dasal,taglagas,0.13372171
24,1471,dasal,taglamig,0.10516125
24,977,dasal,palaso,0.13824494
24,1539,dasal,bilao,0.10309124
24,994,dasal,busog,0.15756778
24,245,dasal,walis,0.2278224
24,677,dasal,palakol,0.14431919
24,934,dasal,kalabawramo,0.16325706
24,1352,dasal,kampit,0.32468894
24,1895,dasal,damit,0.17579535
24,945,dasal,sibat,0.11919987
24,3321,dasal,lanaw,0.23072007
24,3324,dasal,bakal,0.09896025
24,3325,dasal,perlas,0.11141252
24,730,dasal,ahas,0.1683055
24,3154,dasal,baboyramo,0.18354301
24,3326,dasal,katad,0.073928095
24,1616,dasal,kayo,0.1589811
24,1927,dasal,kawayanspinyspecies,0.24122168
24,2680,dasal,gulok,0.1611089
24,846,dasal,tigre,0.17096761
1773,1973,libingan,demonyo,0.20087779
1773,1175,libingan,multo,0.2553575
1773,1252,libingan,bahay,0.2984319
1773,930,libingan,nayon,0.23527671
1773,1669,libingan,nuno,0.21962476
1773,823,libingan,mangkukulam,0.18596186
1773,1343,libingan,araw,0.23842244
1773,1313,libingan,buwan,0.10077214
1773,1430,libingan,bituwin,0.1452935
1773,1793,libingan,kabag,0.12594663
1773,937,libingan,ibon,0.18425079
1773,1490,libingan,daga,0.14606597
1773,2348,libingan,alimango,0.16769795
1773,1350,libingan,matsing,-0.0052655563
1773,862,libingan,asukal,0.09464354
1773,2769,libingan,karnengbaboy,0.3349249
1773,665,libingan,pukyutan,0.16060874
1773,1100,libingan,lutu,0.18627147
1773,1261,libingan,awit,0.19675411
1773,1435,libingan,maghanap,0.11193015
1773,354,libingan,bayo,0.020544712
1773,926,libingan,bigas,0.11839681
1773,1191,libingan,kanin,0.15322809
1773,748,libingan,hasik,0.2030273
1773,146,libingan,tubo,0.18211748
1773,1369,libingan,ginto,0.22415039
1773,410,libingan,kamote,0.07989025
1773,1844,libingan,paraw,0.19782439
1773,1803,libingan,kahoy,0.22060654
1773,3318,libingan,gaodoar,0.077072404
1773,942,libingan,pulotpukyutan,0.27004477
1773,1787,libingan,panghabi,0.16767351
1773,634,libingan,laman,0.23977622
1773,284,libingan,asarol,0.18253294
1773,133,libingan,habi,0.14525059
1773,140,libingan,palayan,0.16918604
1773,1524,libingan,alak,0.14023265
1773,2794,libingan,linang,0.22335148
1773,225,libingan,halo,0.08543916
1773,1537,libingan,tagulan,0.16332173
1773,1075,libingan,panghuli,0.1219717
1773,3320,libingan,silo,0.10037618
1773,1342,libingan,taginit,0.14772399
1773,1276,libingan,taglagas,0.123094015
1773,1471,libingan,taglamig,0.10269634
1773,977,libingan,palaso,0.0822107
1773,1539,libingan,bilao,0.1829331
1773,994,libingan,busog,0.007028524
1773,245,libingan,walis,0.05443631
1773,677,libingan,palakol,0.17028101
1773,934,libingan,kalabawramo,0.2378316
1773,1352,libingan,kampit,0.25403753
1773,1895,libingan,damit,0.18922043
1773,945,libingan,sibat,0.14897785
1773,3321,libingan,lanaw,0.29030222
1773,3324,libingan,bakal,0.13786225
1773,3325,libingan,perlas,0.19683193
1773,730,libingan,ahas,0.20779333
1773,3154,libingan,baboyramo,0.22045025
1773,3326,libingan,katad,0.13982959
1773,1616,libingan,kayo,0.18856551
1773,1927,libingan,kawayanspinyspecies,0.23674661
1773,2680,libingan,gulok,0.23290773
1773,846,libingan,tigre,0.07453638
1973,1175,demonyo,multo,0.36418578
1973,1252,demonyo,bahay,0.15704064
1973,930,demonyo,nayon,0.16338733
1973,1669,demonyo,nuno,0.2552996
1973,823,demonyo,mangkukulam,0.33246878
1973,1343,demonyo,araw,0.15933093
1973,1313,demonyo,buwan,0.12962349
1973,1430,demonyo,bituwin,0.1713666
1973,1793,demonyo,kabag,0.13094534
1973,937,demonyo,ibon,0.22356626
1973,1490,demonyo,daga,0.19769277
1973,2348,demonyo,alimango,0.17619422
1973,1350,demonyo,matsing,0.08085429
1973,862,demonyo,asukal,0.043073837
1973,2769,demonyo,karnengbaboy,0.26640695
1973,665,demonyo,pukyutan,0.16613081
1973,1100,demonyo,lutu,0.07468551
1973,1261,demonyo,awit,0.175129
1973,1435,demonyo,maghanap,0.10540992
1973,354,demonyo,bayo,0.1041096
1973,926,demonyo,bigas,0.044930726
1973,1191,demonyo,kanin,0.07872119
1973,748,demonyo,hasik,0.16057263
1973,146,demonyo,tubo,0.10886883
1973,1369,demonyo,ginto,0.18193768
1973,410,demonyo,kamote,0.16254383
1973,1844,demonyo,paraw,0.24967629
1973,1803,demonyo,kahoy,0.16677319
1973,3318,demonyo,gaodoar,0.031883754
1973,942,demonyo,pulotpukyutan,0.24665986
1973,1787,demonyo,panghabi,0.1823073
1973,634,demonyo,laman,0.20387225
1973,284,demonyo,asarol,0.16424505
1973,133,demonyo,habi,0.11040128
1973,140,demonyo,palayan,0.143743
1973,1524,demonyo,alak,0.2443777
1973,2794,demonyo,linang,0.1667641
1973,225,demonyo,halo,0.09974274
1973,1537,demonyo,tagulan,0.13302019
1973,1075,demonyo,panghuli,0.19253188
1973,3320,demonyo,silo,0.15659122
1973,1342,demonyo,taginit,0.15665229
1973,1276,demonyo,taglagas,0.06897182
1973,1471,demonyo,taglamig,0.13737328
1973,977,demonyo,palaso,0.15331349
1973,1539,demonyo,bilao,0.07152953
1973,994,demonyo,busog,0.1546567
1973,245,demonyo,walis,0.061535418
1973,677,demonyo,palakol,0.18404026
1973,934,demonyo,kalabawramo,0.27605063
1973,1352,demonyo,kampit,0.29406762
1973,1895,demonyo,damit,0.12646273
1973,945,demonyo,sibat,0.09207533
1973,3321,demonyo,lanaw,0.16060258
1973,3324,demonyo,bakal,0.16453704
1973,3325,demonyo,perlas,0.1705607
1973,730,demonyo,ahas,0.34264612
1973,3154,demonyo,baboyramo,0.21793169
1973,3326,demonyo,katad,0.02528054
1973,1616,demonyo,kayo,0.16743518
1973,1927,demonyo,kawayanspinyspecies,0.19833435
1973,2680,demonyo,gulok,0.21217027
1973,846,demonyo,tigre,0.2004232
1175,1252,multo,bahay,0.2565286
1175,930,multo,nayon,0.1121379
1175,1669,multo,nuno,0.18918097
1175,823,multo,mangkukulam,0.31820476
1175,1343,multo,araw,0.14482963
1175,1313,multo,buwan,0.13475932
1175,1430,multo,bituwin,0.17710085
1175,1793,multo,kabag,0.14337294
1175,937,multo,ibon,0.092058696
1175,1490,multo,daga,0.12852791
1175,2348,multo,alimango,0.13022462
1175,1350,multo,matsing,0.095001146
1175,862,multo,asukal,0.055599507
1175,2769,multo,karnengbaboy,0.19650595
1175,665,multo,pukyutan,0.12555102
1175,1100,multo,lutu,0.14778906
1175,1261,multo,awit,0.120191164
1175,1435,multo,maghanap,0.15142225
1175,354,multo,bayo,0.028524792
1175,926,multo,bigas,0.052004576
1175,1191,multo,kanin,0.01550841
1175,748,multo,hasik,0.18635878
1175,146,multo,tubo,0.12741841
1175,1369,multo,ginto,0.14517465
1175,410,multo,kamote,0.072009824
1175,1844,multo,paraw,0.19333614
1175,1803,multo,kahoy,0.10126985
1175,3318,multo,gaodoar,0.0969085
1175,942,multo,pulotpukyutan,0.19636452
1175,1787,multo,panghabi,0.13659471
1175,634,multo,laman,0.11013371
1175,284,multo,asarol,0.071065925
1175,133,multo,habi,0.12570713
1175,140,multo,palayan,0.1292664
1175,1524,multo,alak,0.09817673
1175,2794,multo,linang,0.17433223
1175,225,multo,halo,0.052644063
1175,1537,multo,tagulan,0.16217595
1175,1075,multo,panghuli,0.16889744
1175,3320,multo,silo,0.09303038
1175,1342,multo,taginit,0.12296546
1175,1276,multo,taglagas,0.103996746
1175,1471,multo,taglamig,0.08727104
1175,977,multo,palaso,0.14153673
1175,1539,multo,bilao,0.05418535
1175,994,multo,busog,0.08037784
1175,245,multo,walis,0.15512636
1175,677,multo,palakol,0.11899452
1175,934,multo,kalabawramo,0.22334823
1175,1352,multo,kampit,0.18533237
1175,1895,multo,damit,0.15216094
1175,945,multo,sibat,0.089546636
1175,3321,multo,lanaw,0.19033656
1175,3324,multo,bakal,0.14167362
1175,3325,multo,perlas,0.022353001
1175,730,multo,ahas,0.20931706
1175,3154,multo,baboyramo,0.15885425
1175,3326,multo,katad,0.07267081
1175,1616,multo,kayo,0.12174779
1175,1927,multo,kawayanspinyspecies,0.20343752
1175,2680,multo,gulok,0.16775234
1175,846,multo,tigre,0.16748853
1252,930,bahay,nayon,0.32215428
1252,1669,bahay,nuno,0.2040075
1252,823,bahay,mangkukulam,0.23107386
1252,1343,bahay,araw,0.39682218
1252,1313,bahay,buwan,0.32582182
1252,1430,bahay,bituwin,0.18535285
1252,1793,bahay,kabag,0.21590963
1252,937,bahay,ibon,0.2536471
1252,1490,bahay,daga,0.29750746
1252,2348,bahay,alimango,0.19099888
1252,1350,bahay,matsing,0.12044523
1252,862,bahay,asukal,0.11314201
1252,2769,bahay,karnengbaboy,0.3749224
1252,665,bahay,pukyutan,0.31177887
1252,1100,bahay,lutu,0.297274
1252,1261,bahay,awit,0.19701828
1252,1435,bahay,maghanap,0.2415104
1252,354,bahay,bayo,0.13447276
1252,926,bahay,bigas,0.21258932
1252,1191,bahay,kanin,0.213161
1252,748,bahay,hasik,0.05349358
1252,146,bahay,tubo,0.23614511
1252,1369,bahay,ginto,0.18607216
1252,410,bahay,kamote,0.1921028
1252,1844,bahay,paraw,0.35462075
1252,1803,bahay,kahoy,0.35721645
1252,3318,bahay,gaodoar,0.1214716
1252,942,bahay,pulotpukyutan,0.39068493
1252,1787,bahay,panghabi,0.28705812
1252,634,bahay,laman,0.21439883
1252,284,bahay,asarol,0.3207303
1252,133,bahay,habi,0.09796103
1252,140,bahay,palayan,0.45193365
1252,1524,bahay,alak,0.28869206
1252,2794,bahay,linang,0.31633836
1252,225,bahay,halo,0.14309639
1252,1537,bahay,tagulan,0.37575537
1252,1075,bahay,panghuli,0.13166742
1252,3320,bahay,silo,0.1335672
1252,1342,bahay,taginit,0.2952708
1252,1276,bahay,taglagas,0.16894181
1252,1471,bahay,taglamig,0.25405765
1252,977,bahay,palaso,0.03677039
1252,1539,bahay,bilao,0.28293374
1252,994,bahay,busog,0.12398813
1252,245,bahay,walis,0.32610524
1252,677,bahay,palakol,0.2179448
1252,934,bahay,kalabawramo,0.4059717
1252,1352,bahay,kampit,0.28293735
1252,1895,bahay,damit,0.44530392
1252,945,bahay,sibat,0.11217467
1252,3321,bahay,lanaw,0.4213081
1252,3324,bahay,bakal,0.25344327
1252,3325,bahay,perlas,0.080195785
1252,730,bahay,ahas,0.14701106
1252,3154,bahay,baboyramo,0.35599
1252,3326,bahay,katad,0.16087176
1252,1616,bahay,kayo,0.25602442
1252,1927,bahay,kawayanspinyspecies,0.30795097
1252,2680,bahay,gulok,0.30098602
1252,846,bahay,tigre,0.13517687
930,1669,nayon,nuno,0.20573944
930,823,nayon,mangkukulam,0.17974931
930,1343,nayon,araw,0.21814889
930,1313,nayon,buwan,0.16140394
930,1430,nayon,bituwin,0.11757739
930,1793,nayon,kabag,0.13344999
930,937,nayon,ibon,0.1358204
930,1490,nayon,daga,0.120967135
930,2348,nayon,alimango,0.1700449
930,1350,nayon,matsing,0.083446816
930,862,nayon,asukal,0.06941346
930,2769,nayon,karnengbaboy,0.22690557
930,665,nayon,pukyutan,0.16696501
930,1100,nayon,lutu,0.08329405
930,1261,nayon,awit,0.16889374
930,1435,nayon,maghanap,0.06263685
930,354,nayon,bayo,0.09099403
930,926,nayon,bigas,0.12428627
930,1191,nayon,kanin,0.13139406
930,748,nayon,hasik,0.18206854
930,146,nayon,tubo,0.14985892
930,1369,nayon,ginto,0.11721393
930,410,nayon,kamote,0.124198906
930,1844,nayon,paraw,0.2579953
930,1803,nayon,kahoy,0.21135177
930,3318,nayon,gaodoar,0.10516499
930,942,nayon,pulotpukyutan,0.23311496
930,1787,nayon,panghabi,0.25364587
930,634,nayon,laman,0.09624318
930,284,nayon,asarol,0.17912045
930,133,nayon,habi,0.20751046
930,140,nayon,palayan,0.32479507
930,1524,nayon,alak,0.13496548
930,2794,nayon,linang,0.25042102
930,225,nayon,halo,0.09419557
930,1537,nayon,tagulan,0.19907257
930,1075,nayon,panghuli,0.09835338
930,3320,nayon,silo,0.10685471
930,1342,nayon,taginit,0.2702054
930,1276,nayon,taglagas,0.14544651
930,1471,nayon,taglamig,0.17613912
930,977,nayon,palaso,0.08193101
930,1539,nayon,bilao,0.22871345
930,994,nayon,busog,0.041113492
930,245,nayon,walis,0.13828784
930,677,nayon,palakol,0.08653581
930,934,nayon,kalabawramo,0.23477656
930,1352,nayon,kampit,0.2915565
930,1895,nayon,damit,0.1957858
930,945,nayon,sibat,0.10547109
930,3321,nayon,lanaw,0.3330918
930,3324,nayon,bakal,0.080018215
930,3325,nayon,perlas,0.09572035
930,730,nayon,ahas,0.1191027
930,3154,nayon,baboyramo,0.25290653
930,3326,nayon,katad,0.080186285
930,1616,nayon,kayo,0.054925777
930,1927,nayon,kawayanspinyspecies,0.27542046
930,2680,nayon,gulok,0.24753585
930,846,nayon,tigre,0.06113239
1669,823,nuno,mangkukulam,0.25145772
1669,1343,nuno,araw,0.1024573
1669,1313,nuno,buwan,0.104238555
1669,1430,nuno,bituwin,0.14112756
1669,1793,nuno,kabag,0.20209786
1669,937,nuno,ibon,0.14901544
1669,1490,nuno,daga,0.17228019
1669,2348,nuno,alimango,0.22827934
1669,1350,nuno,matsing,0.23156457
1669,862,nuno,asukal,0.03200131
1669,2769,nuno,karnengbaboy,0.16516353
1669,665,nuno,pukyutan,0.15203887
1669,1100,nuno,lutu,0.07378088
1669,1261,nuno,awit,0.16232583
1669,1435,nuno,maghanap,0.03719699
1669,354,nuno,bayo,0.038114842
1669,926,nuno,bigas,0.0892686
1669,1191,nuno,kanin,0.072645836
1669,748,nuno,hasik,0.060580075
1669,146,nuno,tubo,0.13473052
1669,1369,nuno,ginto,0.0834284
1669,410,nuno,kamote,0.11639787
1669,1844,nuno,paraw,0.20102805
1669,1803,nuno,kahoy,0.17829095
1669,3318,nuno,gaodoar,0.038976822
1669,942,nuno,pulotpukyutan,0.18331377
1669,1787,nuno,panghabi,0.1465464
1669,634,nuno,laman,0.13733907
1669,284,nuno,asarol,0.16854344
1669,133,nuno,habi,0.118598126
1669,140,nuno,palayan,0.18216784
1669,1524,nuno,alak,0.0541115
1669,2794,nuno,linang,0.16862777
1669,225,nuno,halo,0.008288397
1669,1537,nuno,tagulan,0.16417873
1669,1075,nuno,panghuli,0.09130218
1669,3320,nuno,silo,0.061066616
1669,1342,nuno,taginit,0.11441514
1669,1276,nuno,taglagas,0.08730956
1669,1471,nuno,taglamig,0.01602519
1669,977,nuno,palaso,0.19439745
1669,1539,nuno,bilao,0.20592418
1669,994,nuno,busog,0.14291243
1669,245,nuno,walis,0.1514726
1669,677,nuno,palakol,0.18971841
1669,934,nuno,kalabawramo,0.20029797
1669,1352,nuno,kampit,0.26016277
1669,1895,nuno,damit,0.09788135
1669,945,nuno,sibat,0.15851682
1669,3321,nuno,lanaw,0.20404051
1669,3324,nuno,bakal,0.10890316
1669,3325,nuno,perlas,0.13650626
1669,730,nuno,ahas,0.18149623
1669,3154,nuno,baboyramo,0.18388696
1669,3326,nuno,katad,0.08605982
1669,1616,nuno,kayo,0.11005915
1669,1927,nuno,kawayanspinyspecies,0.142716
1669,2680,nuno,gulok,0.2634318
1669,846,nuno,tigre,0.16046348
823,1343,mangkukulam,araw,0.13725765
823,1313,mangkukulam,buwan,0.094749495
823,1430,mangkukulam,bituwin,0.04445818
823,1793,mangkukulam,kabag,0.1984087
823,937,mangkukulam,ibon,0.14194477
823,1490,mangkukulam,daga,0.14910816
823,2348,mangkukulam,alimango,0.15356824
823,1350,mangkukulam,matsing,0.21937908
823,862,mangkukulam,asukal,0.10037016
823,2769,mangkukulam,karnengbaboy,0.27788958
823,665,mangkukulam,pukyutan,0.18174857
823,1100,mangkukulam,lutu,0.15475419
823,1261,mangkukulam,awit,0.07588035
823,1435,mangkukulam,maghanap,0.19659889
823,354,mangkukulam,bayo,0.01340642
823,926,mangkukulam,bigas,0.1763187
823,1191,mangkukulam,kanin,0.1576667
823,748,mangkukulam,hasik,0.13663736
823,146,mangkukulam,tubo,0.08850086
823,1369,mangkukulam,ginto,0.18675976
823,410,mangkukulam,kamote,0.19580609
823,1844,mangkukulam,paraw,0.16628754
823,1803,mangkukulam,kahoy,0.18835655
823,3318,mangkukulam,gaodoar,0.09692356
823,942,mangkukulam,pulotpukyutan,0.27217674
823,1787,mangkukulam,panghabi,0.29021832
823,634,mangkukulam,laman,0.06845341
823,284,mangkukulam,asarol,0.19092631
823,133,mangkukulam,habi,0.15303306
823,140,mangkukulam,palayan,0.21071167
823,1524,mangkukulam,alak,0.2218925
823,2794,mangkukulam,linang,0.14193952
823,225,mangkukulam,halo,0.1720603
823,1537,mangkukulam,tagulan,0.16377364
823,1075,mangkukulam,panghuli,0.2514627
823,3320,mangkukulam,silo,0.12882467
823,1342,mangkukulam,taginit,0.16850276
823,1276,mangkukulam,taglagas,0.16705988
823,1471,mangkukulam,taglamig,0.148502
823,977,mangkukulam,palaso,0.1617696
823,1539,mangkukulam,bilao,0.133615
823,994,mangkukulam,busog,0.03283163
823,245,mangkukulam,walis,0.2663813
823,677,mangkukulam,palakol,0.18748644
823,934,mangkukulam,kalabawramo,0.27736917
823,1352,mangkukulam,kampit,0.21992509
823,1895,mangkukulam,damit,0.24162261
823,945,mangkukulam,sibat,0.075510696
823,3321,mangkukulam,lanaw,0.24089167
823,3324,mangkukulam,bakal,0.23456982
823,3325,mangkukulam,perlas,0.07793302
823,730,mangkukulam,ahas,0.23611048
823,3154,mangkukulam,baboyramo,0.21433023
823,3326,mangkukulam,katad,0.11829704
823,1616,mangkukulam,kayo,0.19627309
823,1927,mangkukulam,kawayanspinyspecies,0.21156713
823,2680,mangkukulam,gulok,0.22338074
823,846,mangkukulam,tigre,0.147448
1343,1313,araw,buwan,0.7130758
1343,1430,araw,bituwin,0.32505995
1343,1793,araw,kabag,0.22587942
1343,937,araw,ibon,0.2488067
1343,1490,araw,daga,0.19010161
1343,2348,araw,alimango,0.12869275
1343,1350,araw,matsing,0.14892325
1343,862,araw,asukal,0.1636374
1343,2769,araw,karnengbaboy,0.3284351
1343,665,araw,pukyutan,0.2212814
1343,1100,araw,lutu,0.14352134
1343,1261,araw,awit,0.24235615
1343,1435,araw,maghanap,0.25893754
1343,354,araw,bayo,0.20723876
1343,926,araw,bigas,0.14993586
1343,1191,araw,kanin,0.21033216
1343,748,araw,hasik,0.26514345
1343,146,araw,tubo,0.15761739
1343,1369,araw,ginto,0.18758722
1343,410,araw,kamote,0.24394268
1343,1844,araw,paraw,0.47058895
1343,1803,araw,kahoy,0.2008109
1343,3318,araw,gaodoar,0.037653036
1343,942,araw,pulotpukyutan,0.37185943
1343,1787,araw,panghabi,0.2702132
1343,634,araw,laman,0.31962
1343,284,araw,asarol,0.16478586
1343,133,araw,habi,0.123815976
1343,140,araw,palayan,0.27098426
1343,1524,araw,alak,0.22369991
1343,2794,araw,linang,0.3695856
1343,225,araw,halo,0.2036827
1343,1537,araw,tagulan,0.39954892
1343,1075,araw,panghuli,0.19791433
1343,3320,araw,silo,0.111293875
1343,1342,araw,taginit,0.4241932
1343,1276,araw,taglagas,0.32313234
1343,1471,araw,taglamig,0.36310703
1343,977,araw,palaso,0.12571816
1343,1539,araw,bilao,0.085328884
1343,994,araw,busog,0.16419739
1343,245,araw,walis,0.1714083
1343,677,araw,palakol,0.1308123
1343,934,araw,kalabawramo,0.3429679
1343,1352,araw,kampit,0.21438566
1343,1895,araw,damit,0.30134106
1343,945,araw,sibat,0.13125212
1343,3321,araw,lanaw,0.35969102
1343,3324,araw,bakal,0.15526669
1343,3325,araw,perlas,0.11967786
1343,730,araw,ahas,0.18347664
1343,3154,araw,baboyramo,0.32393077
1343,3326,araw,katad,0.19376011
1343,1616,araw,kayo,0.30317327
1343,1927,araw,kawayanspinyspecies,0.29014075
1343,2680,araw,gulok,0.15734874
1343,846,araw,tigre,0.121534735
1313,1430,buwan,bituwin,0.2638521
1313,1793,buwan,kabag,0.1893984
1313,937,buwan,ibon,0.20666057
1313,1490,buwan,daga,0.21215376
1313,2348,buwan,alimango,0.15901688
1313,1350,buwan,matsing,0.12750186
1313,862,buwan,asukal,0.14988835
1313,2769,buwan,karnengbaboy,0.27493453
1313,665,buwan,pukyutan,0.099258795
1313,1100,buwan,lutu,0.08181411
1313,1261,buwan,awit,0.20133209
1313,1435,buwan,maghanap,0.1835331
1313,354,buwan,bayo,0.18447852
1313,926,buwan,bigas,0.17074648
1313,1191,buwan,kanin,0.13057755
1313,748,buwan,hasik,0.24694282
1313,146,buwan,tubo,0.17591363
1313,1369,buwan,ginto,0.20522377
1313,410,buwan,kamote,0.20589271
1313,1844,buwan,paraw,0.4029466
1313,1803,buwan,kahoy,0.12998429
1313,3318,buwan,gaodoar,0.07952929
1313,942,buwan,pulotpukyutan,0.25891048
1313,1787,buwan,panghabi,0.18764406
1313,634,buwan,laman,0.21024556
1313,284,buwan,asarol,0.1087351
1313,133,buwan,habi,0.07909737
1313,140,buwan,palayan,0.21886268
1313,1524,buwan,alak,0.1832641
1313,2794,buwan,linang,0.29897416
1313,225,buwan,halo,0.13229808
1313,1537,buwan,tagulan,0.29442233
1313,1075,buwan,panghuli,0.1642515
1313,3320,buwan,silo,0.06930515
1313,1342,buwan,taginit,0.33572444
1313,1276,buwan,taglagas,0.31508395
1313,1471,buwan,taglamig,0.34685516
1313,977,buwan,palaso,0.13930316
1313,1539,buwan,bilao,0.07782177
1313,994,buwan,busog,0.08485137
1313,245,buwan,walis,0.12119429
1313,677,buwan,palakol,0.085369766
1313,934,buwan,kalabawramo,0.3172339
1313,1352,buwan,kampit,0.15815754
1313,1895,buwan,damit,0.21793792
1313,945,buwan,sibat,0.08344896
1313,3321,buwan,lanaw,0.30728826
1313,3324,buwan,bakal,0.18387936
1313,3325,buwan,perlas,0.13247181
1313,730,buwan,ahas,0.09551247
1313,3154,buwan,baboyramo,0.29257998
1313,3326,buwan,katad,0.112968534
1313,1616,buwan,kayo,0.22563586
1313,1927,buwan,kawayanspinyspecies,0.29243454
1313,2680,buwan,gulok,0.11028917
1313,846,buwan,tigre,0.20795578
1430,1793,bituwin,kabag,0.08266171
1430,937,bituwin,ibon,0.24219799
1430,1490,bituwin,daga,0.06370085
1430,2348,bituwin,alimango,0.07080499
1430,1350,bituwin,matsing,0.057272024
1430,862,bituwin,asukal,0.18229502
1430,2769,bituwin,karnengbaboy,0.14588957
1430,665,bituwin,pukyutan,0.21137688
1430,1100,bituwin,lutu,0.05690927
1430,1261,bituwin,awit,0.22643931
1430,1435,bituwin,maghanap,0.11019068
1430,354,bituwin,bayo,0.09911583
1430,926,bituwin,bigas,0.14941213
1430,1191,bituwin,kanin,0.12830405
1430,748,bituwin,hasik,0.1400766
1430,146,bituwin,tubo,0.15515691
1430,1369,bituwin,ginto,0.19710712
1430,410,bituwin,kamote,0.1460096
1430,1844,bituwin,paraw,0.21334167
1430,1803,bituwin,kahoy,0.13324359
1430,3318,bituwin,gaodoar,0.024607569
1430,942,bituwin,pulotpukyutan,0.2866923
1430,1787,bituwin,panghabi,0.1965234
1430,634,bituwin,laman,0.14994475
1430,284,bituwin,asarol,0.09924795
1430,133,bituwin,habi,0.20679751
1430,140,bituwin,palayan,0.20329213
1430,1524,bituwin,alak,0.12907994
1430,2794,bituwin,linang,0.23108663
1430,225,bituwin,halo,0.06473688
1430,1537,bituwin,tagulan,0.22624189
1430,1075,bituwin,panghuli,0.07279406
1430,3320,bituwin,silo,0.14027031
1430,1342,bituwin,taginit,0.07217512
1430,1276,bituwin,taglagas,0.033451207
1430,1471,bituwin,taglamig,0.07078277
1430,977,bituwin,palaso,0.12240716
1430,1539,bituwin,bilao,0.11204957
1430,994,bituwin,busog,0.03675533
1430,245,bituwin,walis,0.12914805
1430,677,bituwin,palakol,0.08402332
1430,934,bituwin,kalabawramo,0.19486678
1430,1352,bituwin,kampit,0.20337845
1430,1895,bituwin,damit,0.22096092
1430,945,bituwin,sibat,0.18245257
1430,3321,bituwin,lanaw,0.22153148
1430,3324,bituwin,bakal,0.11857513
1430,3325,bituwin,perlas,0.11933743
1430,730,bituwin,ahas,0.1610677
1430,3154,bituwin,baboyramo,0.1375593
1430,3326,bituwin,katad,0.15928762
1430,1616,bituwin,kayo,0.15818107
1430,1927,bituwin,kawayanspinyspecies,0.17460248
1430,2680,bituwin,gulok,0.1590977
1430,846,bituwin,tigre,0.12651835
1793,937,kabag,ibon,0.22031306
1793,1490,kabag,daga,0.23243544
1793,2348,kabag,alimango,0.25518087
1793,1350,kabag,matsing,0.09283186
1793,862,kabag,asukal,0.14912485
1793,2769,kabag,karnengbaboy,0.27519748
1793,665,kabag,pukyutan,0.2521746
1793,1100,kabag,lutu,0.12171335
1793,1261,kabag,awit,0.15035357
1793,1435,kabag,maghanap,0.13512732
1793,354,kabag,bayo,0.117890514
1793,926,kabag,bigas,0.1261056
1793,1191,kabag,kanin,0.20139344
1793,748,kabag,hasik,0.20968927
1793,146,kabag,tubo,0.21283744
1793,1369,kabag,ginto,0.12240877
1793,410,kabag,kamote,0.24204352
1793,1844,kabag,paraw,0.30686408
1793,1803,kabag,kahoy,0.21730399
1793,3318,kabag,gaodoar,0.10903566
1793,942,kabag,pulotpukyutan,0.3239646
1793,1787,kabag,panghabi,0.25709173
1793,634,kabag,laman,0.2357381
1793,284,kabag,asarol,0.17317113
1793,133,kabag,habi,0.1846868
1793,140,kabag,palayan,0.19987695
1793,1524,kabag,alak,0.16179185
1793,2794,kabag,linang,0.18676765
1793,225,kabag,halo,0.1916201
1793,1537,kabag,tagulan,0.32789546
1793,1075,kabag,panghuli,0.1237294
1793,3320,kabag,silo,0.16895472
1793,1342,kabag,taginit,0.35420614
1793,1276,kabag,taglagas,0.15404415
1793,1471,kabag,taglamig,0.18327942
1793,977,kabag,palaso,0.19056112
1793,1539,kabag,bilao,0.13950269
1793,994,kabag,busog,0.26428086
1793,245,kabag,walis,0.22263435
1793,677,kabag,palakol,0.21575218
1793,934,kabag,kalabawramo,0.25559106
1793,1352,kabag,kampit,0.2817821
1793,1895,kabag,damit,0.16768782
1793,945,kabag,sibat,0.14097483
1793,3321,kabag,lanaw,0.26136726
1793,3324,kabag,bakal,0.22764319
1793,3325,kabag,perlas,0.06931398
1793,730,kabag,ahas,0.113453
1793,3154,kabag,baboyramo,0.20410825
1793,3326,kabag,katad,0.20924667
1793,1616,kabag,kayo,0.14280605
1793,1927,kabag,kawayanspinyspecies,0.1958865
1793,2680,kabag,gulok,0.1803384
1793,846,kabag,tigre,0.1738173
937,1490,ibon,daga,0.30461252
937,2348,ibon,alimango,0.2956781
937,1350,ibon,matsing,0.22001328
937,862,ibon,asukal,0.05366545
937,2769,ibon,karnengbaboy,0.24638018
937,665,ibon,pukyutan,0.2842705
937,1100,ibon,lutu,0.10735008
937,1261,ibon,awit,0.36829454
937,1435,ibon,maghanap,0.20714033
937,354,ibon,bayo,0.12511991
937,926,ibon,bigas,0.18243791
937,1191,ibon,kanin,0.16892561
937,748,ibon,hasik,0.25587624
937,146,ibon,tubo,0.18711045
937,1369,ibon,ginto,0.22673179
937,410,ibon,kamote,0.23664878
937,1844,ibon,paraw,0.34025422
937,1803,ibon,kahoy,0.27885404
937,3318,ibon,gaodoar,0.02528083
937,942,ibon,pulotpukyutan,0.3071543
937,1787,ibon,panghabi,0.2837717
937,634,ibon,laman,0.17630558
937,284,ibon,asarol,0.23170297
937,133,ibon,habi,0.18849073
937,140,ibon,palayan,0.313927
937,1524,ibon,alak,0.10158908
937,2794,ibon,linang,0.30113098
937,225,ibon,halo,0.13074198
937,1537,ibon,tagulan,0.23046301
937,1075,ibon,panghuli,0.17821409
937,3320,ibon,silo,0.19742703
937,1342,ibon,taginit,0.21480465
937,1276,ibon,taglagas,0.20003729
937,1471,ibon,taglamig,0.19442812
937,977,ibon,palaso,0.20855029
937,1539,ibon,bilao,0.18166563
937,994,ibon,busog,0.14385852
937,245,ibon,walis,0.14827833
937,677,ibon,palakol,0.2633935
937,934,ibon,kalabawramo,0.37207544
937,1352,ibon,kampit,0.29702446
937,1895,ibon,damit,0.195817
937,945,ibon,sibat,0.23508948
937,3321,ibon,lanaw,0.31892237
937,3324,ibon,bakal,0.16976471
937,3325,ibon,perlas,0.20811394
937,730,ibon,ahas,0.3454715
937,3154,ibon,baboyramo,0.3661848
937,3326,ibon,katad,0.23283775
937,1616,ibon,kayo,0.1387696
937,1927,ibon,kawayanspinyspecies,0.34485236
937,2680,ibon,gulok,0.28263876
937,846,ibon,tigre,0.33798295
1490,2348,daga,alimango,0.28414917
1490,1350,daga,matsing,0.2611245
1490,862,daga,asukal,0.078977875
1490,2769,daga,karnengbaboy,0.24247505
1490,665,daga,pukyutan,0.19430347
1490,1100,daga,lutu,0.09676607
1490,1261,daga,awit,0.053860974
1490,1435,daga,maghanap,0.112100355
1490,354,daga,bayo,0.06253332
1490,926,daga,bigas,0.19616315
1490,1191,daga,kanin,0.19247058
1490,748,daga,hasik,0.13897987
1490,146,daga,tubo,0.19458073
1490,1369,daga,ginto,0.14803857
1490,410,daga,kamote,0.1763384
1490,1844,daga,paraw,0.2606008
1490,1803,daga,kahoy,0.19762221
1490,3318,daga,gaodoar,0.059399515
1490,942,daga,pulotpukyutan,0.22834384
1490,1787,daga,panghabi,0.11913413
1490,634,daga,laman,0.09216875
1490,284,daga,asarol,0.18057613
1490,133,daga,habi,0.06497907
1490,140,daga,palayan,0.2529311
1490,1524,daga,alak,0.0700306
1490,2794,daga,linang,0.24642025
1490,225,daga,halo,0.08353441
1490,1537,daga,tagulan,0.2485953
1490,1075,daga,panghuli,0.20921963
1490,3320,daga,silo,0.1438943
1490,1342,daga,taginit,0.13000852
1490,1276,daga,taglagas,0.077317886
1490,1471,daga,taglamig,0.14711326
1490,977,daga,palaso,0.16845825
1490,1539,daga,bilao,0.20191851
1490,994,daga,busog,0.17708886
1490,245,daga,walis,0.18856344
1490,677,daga,palakol,0.21127069
1490,934,daga,kalabawramo,0.30424026
1490,1352,daga,kampit,0.18861057
1490,1895,daga,damit,0.22344382
1490,945,daga,sibat,0.11172943
1490,3321,daga,lanaw,0.20655191
1490,3324,daga,bakal,0.208849
1490,3325,daga,perlas,0.20923068
1490,730,daga,ahas,0.28000325
1490,3154,daga,baboyramo,0.30727515
1490,3326,daga,katad,0.094665244
1490,1616,daga,kayo,0.1867817
1490,1927,daga,kawayanspinyspecies,0.25840217
1490,2680,daga,gulok,0.24382238
1490,846,daga,tigre,0.32446262
2348,1350,alimango,matsing,0.27229542
2348,862,alimango,asukal,0.22742581
2348,2769,alimango,karnengbaboy,0.2915239
2348,665,alimango,pukyutan,0.2148994
2348,1100,alimango,lutu,0.16994168
2348,1261,alimango,awit,0.12205566
2348,1435,alimango,maghanap,0.12272824
2348,354,alimango,bayo,0.027557425
2348,926,alimango,bigas,0.17470942
2348,1191,alimango,kanin,0.24332565
2348,748,alimango,hasik,0.20389847
2348,146,alimango,tubo,0.20786105
2348,1369,alimango,ginto,0.116541
2348,410,alimango,kamote,0.21151356
2348,1844,alimango,paraw,0.31086633
2348,1803,alimango,kahoy,0.107891575
2348,3318,alimango,gaodoar,0.112775356
2348,942,alimango,pulotpukyutan,0.28859988
2348,1787,alimango,panghabi,0.18851015
2348,634,alimango,laman,0.18287347
2348,284,alimango,asarol,0.12957597
2348,133,alimango,habi,0.16424708
2348,140,alimango,palayan,0.19617489
2348,1524,alimango,alak,0.2272711
2348,2794,alimango,linang,0.19156781
2348,225,alimango,halo,0.14701183
2348,1537,alimango,tagulan,0.18795362
2348,1075,alimango,panghuli,0.272768
2348,3320,alimango,silo,0.14151505
2348,1342,alimango,taginit,0.15401499
2348,1276,alimango,taglagas,0.07734131
2348,1471,alimango,taglamig,0.1152613
2348,977,alimango,palaso,0.14369181
2348,1539,alimango,bilao,0.27956384
2348,994,alimango,busog,0.21958181
2348,245,alimango,walis,0.18491499
2348,677,alimango,palakol,0.25003535
2348,934,alimango,kalabawramo,0.28742036
2348,1352,alimango,kampit,0.23354411
2348,1895,alimango,damit,0.17879696
2348,945,alimango,sibat,0.11419326
2348,3321,alimango,lanaw,0.2910581
2348,3324,alimango,bakal,0.15672362
2348,3325,alimango,perlas,0.16492957
2348,730,alimango,ahas,0.27604446
2348,3154,alimango,baboyramo,0.32069972
2348,3326,alimango,katad,0.14683118
2348,1616,alimango,kayo,0.14937049
2348,1927,alimango,kawayanspinyspecies,0.27301332
2348,2680,alimango,gulok,0.2002344
2348,846,alimango,tigre,0.21515961
1350,862,matsing,asukal,0.11782338
1350,2769,matsing,karnengbaboy,0.22968565
1350,665,matsing,pukyutan,0.15905517
1350,1100,matsing,lutu,0.027711226
1350,1261,matsing,awit,0.1848881
1350,1435,matsing,maghanap,0.14028524
1350,354,matsing,bayo,0.030516246
1350,926,matsing,bigas,0.17905162
1350,1191,matsing,kanin,0.16200277
1350,748,matsing,hasik,0.13156407
1350,146,matsing,tubo,0.11266648
1350,1369,matsing,ginto,0.14432305
1350,410,matsing,kamote,0.22528546
1350,1844,matsing,paraw,0.21090257
1350,1803,matsing,kahoy,0.18073899
1350,3318,matsing,gaodoar,0.109873995
1350,942,matsing,pulotpukyutan,0.21890889
1350,1787,matsing,panghabi,0.21726282
1350,634,matsing,laman,0.097824186
1350,284,matsing,asarol,0.20405002
1350,133,matsing,habi,0.1300448
1350,140,matsing,palayan,0.1733402
1350,1524,matsing,alak,0.09817929
1350,2794,matsing,linang,0.16630247
1350,225,matsing,halo,0.104801975
1350,1537,matsing,tagulan,0.14198956
1350,1075,matsing,panghuli,0.14139725
1350,3320,matsing,silo,0.10930984
1350,1342,matsing,taginit,0.10379927
1350,1276,matsing,taglagas,0.13101451
1350,1471,matsing,taglamig,0.06832097
1350,977,matsing,palaso,0.09415068
1350,1539,matsing,bilao,0.15621217
1350,994,matsing,busog,0.24111012
1350,245,matsing,walis,0.25269768
1350,677,matsing,palakol,0.20366777
1350,934,matsing,kalabawramo,0.23201984
1350,1352,matsing,kampit,0.21830784
1350,1895,matsing,damit,0.1893764
1350,945,matsing,sibat,0.138415
1350,3321,matsing,lanaw,0.20014983
1350,3324,matsing,bakal,0.1130914
1350,3325,matsing,perlas,0.089454554
1350,730,matsing,ahas,0.23261476
1350,3154,matsing,baboyramo,0.26064625
1350,3326,matsing,katad,0.12069768
1350,1616,matsing,kayo,0.1761842
1350,1927,matsing,kawayanspinyspecies,0.21519336
1350,2680,matsing,gulok,0.22332124
1350,846,matsing,tigre,0.23261432
862,2769,asukal,karnengbaboy,0.26813284
862,665,asukal,pukyutan,0.22065324
862,1100,asukal,lutu,0.13820264
862,1261,asukal,awit,0.12903495
862,1435,asukal,maghanap,0.08003075
862,354,asukal,bayo,0.030736474
862,926,asukal,bigas,0.3858131
862,1191,asukal,kanin,0.31414157
862,748,asukal,hasik,0.21300176
862,146,asukal,tubo,0.33172402
862,1369,asukal,ginto,0.21657135
862,410,asukal,kamote,0.33026662
862,1844,asukal,paraw,0.09528895
862,1803,asukal,kahoy,0.12891436
862,3318,asukal,gaodoar,0.08512013
862,942,asukal,pulotpukyutan,0.32752743
862,1787,asukal,panghabi,0.2258896
862,634,asukal,laman,0.17043187
862,284,asukal,asarol,0.1191069
862,133,asukal,habi,0.23016044
862,140,asukal,palayan,0.2028255
862,1524,asukal,alak,0.24029167
862,2794,asukal,linang,0.24574693
862,225,asukal,halo,0.27527824
862,1537,asukal,tagulan,0.13854173
862,1075,asukal,panghuli,0.1308008
862,3320,asukal,silo,0.048569042
862,1342,asukal,taginit,0.14995922
862,1276,asukal,taglagas,0.09096704
862,1471,asukal,taglamig,0.12810282
862,977,asukal,palaso,0.13270144
862,1539,asukal,bilao,0.27264482
862,994,asukal,busog,0.07054172
862,245,asukal,walis,0.15115942
862,677,asukal,palakol,0.14698505
862,934,asukal,kalabawramo,0.24590188
862,1352,asukal,kampit,0.12749359
862,1895,asukal,damit,0.124299325
862,945,asukal,sibat,0.07626402
862,3321,asukal,lanaw,0.22637907
862,3324,asukal,bakal,0.16688302
862,3325,asukal,perlas,0.23182036
862,730,asukal,ahas,0.06582503
862,3154,asukal,baboyramo,0.24923736
862,3326,asukal,katad,0.178912
862,1616,asukal,kayo,0.11775899
862,1927,asukal,kawayanspinyspecies,0.24380784
862,2680,asukal,gulok,0.16915515
862,846,asukal,tigre,0.0734896
2769,665,karnengbaboy,pukyutan,0.3461871
2769,1100,karnengbaboy,lutu,0.3155168
2769,1261,karnengbaboy,awit,0.245161
2769,1435,karnengbaboy,maghanap,0.18855049
2769,354,karnengbaboy,bayo,0.19337302
2769,926,karnengbaboy,bigas,0.3418871
2769,1191,karnengbaboy,kanin,0.30733246
2769,748,karnengbaboy,hasik,0.14870942
2769,146,karnengbaboy,tubo,0.21427892
2769,1369,karnengbaboy,ginto,0.17394452
2769,410,karnengbaboy,kamote,0.26160192
2769,1844,karnengbaboy,paraw,0.3969064
2769,1803,karnengbaboy,kahoy,0.24597934
2769,3318,karnengbaboy,gaodoar,0.122400895
2769,942,karnengbaboy,pulotpukyutan,0.6100401
2769,1787,karnengbaboy,panghabi,0.41536647
2769,634,karnengbaboy,laman,0.3300531
2769,284,karnengbaboy,asarol,0.22158313
2769,133,karnengbaboy,habi,0.26140773
2769,140,karnengbaboy,palayan,0.28830168
2769,1524,karnengbaboy,alak,0.28886375
2769,2794,karnengbaboy,linang,0.3477062
2769,225,karnengbaboy,halo,0.2738655
2769,1537,karnengbaboy,tagulan,0.34590045
2769,1075,karnengbaboy,panghuli,0.2573823
2769,3320,karnengbaboy,silo,0.16206126
2769,1342,karnengbaboy,taginit,0.30684242
2769,1276,karnengbaboy,taglagas,0.17559013
2769,1471,karnengbaboy,taglamig,0.2313089
2769,977,karnengbaboy,palaso,0.17812432
2769,1539,karnengbaboy,bilao,0.22506832
2769,994,karnengbaboy,busog,0.20824005
2769,245,karnengbaboy,walis,0.16869223
2769,677,karnengbaboy,palakol,0.27380043
2769,934,karnengbaboy,kalabawramo,0.62476885
2769,1352,karnengbaboy,kampit,0.43168703
2769,1895,karnengbaboy,damit,0.3074441
2769,945,karnengbaboy,sibat,0.15494348
2769,3321,karnengbaboy,lanaw,0.5852195
2769,3324,karnengbaboy,bakal,0.2471071
2769,3325,karnengbaboy,perlas,0.24245803
2769,730,karnengbaboy,ahas,0.18842693
2769,3154,karnengbaboy,baboyramo,0.6788161
2769,3326,karnengbaboy,katad,0.3163927
2769,1616,karnengbaboy,kayo,0.22860639
2769,1927,karnengbaboy,kawayanspinyspecies,0.51537883
2769,2680,karnengbaboy,gulok,0.2709583
2769,846,karnengbaboy,tigre,0.24133162
665,1100,pukyutan,lutu,0.18138184
665,1261,pukyutan,awit,0.16463564
665,1435,pukyutan,maghanap,0.13444294
665,354,pukyutan,bayo,0.08383824
665,926,pukyutan,bigas,0.16030844
665,1191,pukyutan,kanin,0.19967295
665,748,pukyutan,hasik,0.20963667
665,146,pukyutan,tubo,0.17152621
665,1369,pukyutan,ginto,0.2330346
665,410,pukyutan,kamote,0.2805373
665,1844,pukyutan,paraw,0.21169446
665,1803,pukyutan,kahoy,0.25309303
665,3318,pukyutan,gaodoar,0.058144826
665,942,pukyutan,pulotpukyutan,0.7341722
665,1787,pukyutan,panghabi,0.36500353
665,634,pukyutan,laman,0.17193833
665,284,pukyutan,asarol,0.25888565
665,133,pukyutan,habi,0.28014806
665,140,pukyutan,palayan,0.24999124
665,1524,pukyutan,alak,0.20589453
665,2794,pukyutan,linang,0.32594675
665,225,pukyutan,halo,0.13883695
665,1537,pukyutan,tagulan,0.24749844
665,1075,pukyutan,panghuli,0.12336303
665,3320,pukyutan,silo,0.075577095
665,1342,pukyutan,taginit,0.22523504
665,1276,pukyutan,taglagas,0.11241791
665,1471,pukyutan,taglamig,0.16630137
665,977,pukyutan,palaso,0.13556899
665,1539,pukyutan,bilao,0.20709667
665,994,pukyutan,busog,0.19953392
665,245,pukyutan,walis,0.17686968
665,677,pukyutan,palakol,0.19934365
665,934,pukyutan,kalabawramo,0.31195727
665,1352,pukyutan,kampit,0.24919912
665,1895,pukyutan,damit,0.16270918
665,945,pukyutan,sibat,0.20360991
665,3321,pukyutan,lanaw,0.30748606
665,3324,pukyutan,bakal,0.16256233
665,3325,pukyutan,perlas,0.124879226
665,730,pukyutan,ahas,0.20647284
665,3154,pukyutan,baboyramo,0.3271523
665,3326,pukyutan,katad,0.31677702
665,1616,pukyutan,kayo,0.110890515
665,1927,pukyutan,kawayanspinyspecies,0.30835637
665,2680,pukyutan,gulok,0.17022225
665,846,pukyutan,tigre,0.19451888
1100,1261,lutu,awit,0.12260576
1100,1435,lutu,maghanap,0.0951614
1100,354,lutu,bayo,0.086691916
1100,926,lutu,bigas,0.18178162
1100,1191,lutu,kanin,0.25669655
1100,748,lutu,hasik,0.062841915
1100,146,lutu,tubo,0.13694538
1100,1369,lutu,ginto,0.108940184
1100,410,lutu,kamote,0.2016941
1100,1844,lutu,paraw,0.167887
1100,1803,lutu,kahoy,0.19451168
1100,3318,lutu,gaodoar,-0.021434637
1100,942,lutu,pulotpukyutan,0.27336296
1100,1787,lutu,panghabi,0.22204499
1100,634,lutu,laman,0.1630621
1100,284,lutu,asarol,0.19078065
1100,133,lutu,habi,0.21491472
1100,140,lutu,palayan,0.13008158
1100,1524,lutu,alak,0.16296053
1100,2794,lutu,linang,0.24486688
1100,225,lutu,halo,0.1935366
1100,1537,lutu,tagulan,0.23076724
1100,1075,lutu,panghuli,0.08927541
1100,3320,lutu,silo,0.054745674
1100,1342,lutu,taginit,0.10256822
1100,1276,lutu,taglagas,0.052619874
1100,1471,lutu,taglamig,0.14734833
1100,977,lutu,palaso,0.08561609
1100,1539,lutu,bilao,0.31034386
1100,994,lutu,busog,0.12880522
1100,245,lutu,walis,0.27329534
1100,677,lutu,palakol,0.1341776
1100,934,lutu,kalabawramo,0.19982043
1100,1352,lutu,kampit,0.17782491
1100,1895,lutu,damit,0.17178048
1100,945,lutu,sibat,0.090508915
1100,3321,lutu,lanaw,0.25326303
1100,3324,lutu,bakal,0.10797562
1100,3325,lutu,perlas,0.10750732
1100,730,lutu,ahas,0.07768789
1100,3154,lutu,baboyramo,0.26843438
1100,3326,lutu,katad,0.19078398
1100,1616,lutu,kayo,0.103976965
1100,1927,lutu,kawayanspinyspecies,0.17183483
1100,2680,lutu,gulok,0.1724305
1100,846,lutu,tigre,0.07268286
1261,1435,awit,maghanap,0.11441892
1261,354,awit,bayo,0.16763137
1261,926,awit,bigas,0.14443013
1261,1191,awit,kanin,0.11346789
1261,748,awit,hasik,0.10965812
1261,146,awit,tubo,0.13120735
1261,1369,awit,ginto,0.23267096
1261,410,awit,kamote,0.1371593
1261,1844,awit,paraw,0.17574902
1261,1803,awit,kahoy,0.1832194
1261,3318,awit,gaodoar,0.06132278
1261,942,awit,pulotpukyutan,0.3045436
1261,1787,awit,panghabi,0.30728534
1261,634,awit,laman,0.20795023
1261,284,awit,asarol,0.21526767
1261,133,awit,habi,0.23450443
1261,140,awit,palayan,0.16733003
1261,1524,awit,alak,0.23720992
1261,2794,awit,linang,0.20448656
1261,225,awit,halo,0.11620783
1261,1537,awit,tagulan,0.18768689
1261,1075,awit,panghuli,0.14074843
1261,3320,awit,silo,0.07775367
1261,1342,awit,taginit,0.20332922
1261,1276,awit,taglagas,0.22401029
1261,1471,awit,taglamig,0.12896694
1261,977,awit,palaso,0.13390478
1261,1539,awit,bilao,0.09668329
1261,994,awit,busog,0.11508337
1261,245,awit,walis,0.14489189
1261,677,awit,palakol,0.14243297
1261,934,awit,kalabawramo,0.2959888
1261,1352,awit,kampit,0.3412767
1261,1895,awit,damit,0.1896851
1261,945,awit,sibat,0.21051733
1261,3321,awit,lanaw,0.31379157
1261,3324,awit,bakal,0.16091488
1261,3325,awit,perlas,0.14667058
1261,730,awit,ahas,0.14606473
1261,3154,awit,baboyramo,0.24963206
1261,3326,awit,katad,0.14169933
1261,1616,awit,kayo,0.11256325
1261,1927,awit,kawayanspinyspecies,0.29408774
1261,2680,awit,gulok,0.19956389
1261,846,awit,tigre,0.21553308
1435,354,maghanap,bayo,0.09297322
1435,926,maghanap,bigas,0.124983564
1435,1191,maghanap,kanin,0.14061043
1435,748,maghanap,hasik,0.1749191
1435,146,maghanap,tubo,0.06545404
1435,1369,maghanap,ginto,0.17044267
1435,410,maghanap,kamote,0.2723829
1435,1844,maghanap,paraw,0.24715959
1435,1803,maghanap,kahoy,0.16723867
1435,3318,maghanap,gaodoar,0.09947533
1435,942,maghanap,pulotpukyutan,0.21788454
1435,1787,maghanap,panghabi,0.23484395
1435,634,maghanap,laman,0.18006156
1435,284,maghanap,asarol,0.13578485
1435,133,maghanap,habi,0.10424363
1435,140,maghanap,palayan,0.18807232
1435,1524,maghanap,alak,0.098396435
1435,2794,maghanap,linang,0.157642
1435,225,maghanap,halo,0.08195873
1435,1537,maghanap,tagulan,0.14822662
1435,1075,maghanap,panghuli,0.17286463
1435,3320,maghanap,silo,0.15452923
1435,1342,maghanap,taginit,0.11085682
1435,1276,maghanap,taglagas,0.20228371
1435,1471,maghanap,taglamig,0.13280058
1435,977,maghanap,palaso,0.07926147
1435,1539,maghanap,bilao,0.052007392
1435,994,maghanap,busog,0.13333954
1435,245,maghanap,walis,0.15617113
1435,677,maghanap,palakol,0.07505467
1435,934,maghanap,kalabawramo,0.2191173
1435,1352,maghanap,kampit,0.12329013
1435,1895,maghanap,damit,0.25082633
1435,945,maghanap,sibat,0.14332482
1435,3321,maghanap,lanaw,0.26938447
1435,3324,maghanap,bakal,0.042882822
1435,3325,maghanap,perlas,0.18472274
1435,730,maghanap,ahas,0.15792459
1435,3154,maghanap,baboyramo,0.23225959
1435,3326,maghanap,katad,0.06948427
1435,1616,maghanap,kayo,0.31884944
1435,1927,maghanap,kawayanspinyspecies,0.12927754
1435,2680,maghanap,gulok,0.14444968
1435,846,maghanap,tigre,0.1140667
354,926,bayo,bigas,0.11810256
354,1191,bayo,kanin,0.06188444
354,748,bayo,hasik,0.103511564
354,146,bayo,tubo,0.13737158
354,1369,bayo,ginto,0.018203331
354,410,bayo,kamote,0.05860431
354,1844,bayo,paraw,0.21186627
354,1803,bayo,kahoy,0.118712336
354,3318,bayo,gaodoar,0.15682523
354,942,bayo,pulotpukyutan,0.12501836
354,1787,bayo,panghabi,0.15367758
354,634,bayo,laman,0.19456838
354,284,bayo,asarol,0.16917701
354,133,bayo,habi,0.07744105
354,140,bayo,palayan,0.19592367
354,1524,bayo,alak,0.14674683
354,2794,bayo,linang,0.1441982
354,225,bayo,halo,0.17141058
354,1537,bayo,tagulan,0.20799795
354,1075,bayo,panghuli,0.0757194
354,3320,bayo,silo,0.07644683
354,1342,bayo,taginit,0.28904048
354,1276,bayo,taglagas,0.12376208
354,1471,bayo,taglamig,0.10403126
354,977,bayo,palaso,0.11865562
354,1539,bayo,bilao,0.012120689
354,994,bayo,busog,0.1454278
354,245,bayo,walis,0.10357424
354,677,bayo,palakol,0.16790569
354,934,bayo,kalabawramo,0.13134459
354,1352,bayo,kampit,0.26511422
354,1895,bayo,damit,0.10519816
354,945,bayo,sibat,0.2102598
354,3321,bayo,lanaw,0.13520609
354,3324,bayo,bakal,0.17376429
354,3325,bayo,perlas,0.07897714
354,730,bayo,ahas,0.10414365
354,3154,bayo,baboyramo,0.15113106
354,3326,bayo,katad,0.089094415
354,1616,bayo,kayo,0.10527412
354,1927,bayo,kawayanspinyspecies,0.17415732
354,2680,bayo,gulok,0.14100529
354,846,bayo,tigre,0.15677658
926,1191,bigas,kanin,0.50096714
926,748,bigas,hasik,0.15553513
926,146,bigas,tubo,0.294904
926,1369,bigas,ginto,0.2679802
926,410,bigas,kamote,0.3575821
926,1844,bigas,paraw,0.18137354
926,1803,bigas,kahoy,0.27001214
926,3318,bigas,gaodoar,0.10007862
926,942,bigas,pulotpukyutan,0.27775437
926,1787,bigas,panghabi,0.28680325
926,634,bigas,laman,0.20297946
926,284,bigas,asarol,0.20328535
926,133,bigas,habi,0.23668559
926,140,bigas,palayan,0.3731375
926,1524,bigas,alak,0.2468314
926,2794,bigas,linang,0.26912555
926,225,bigas,halo,0.23507237
926,1537,bigas,tagulan,0.2747447
926,1075,bigas,panghuli,0.15120846
926,3320,bigas,silo,0.028328288
926,1342,bigas,taginit,0.23035675
926,1276,bigas,taglagas,0.07131682
926,1471,bigas,taglamig,0.078738265
926,977,bigas,palaso,0.13400474
926,1539,bigas,bilao,0.36567733
926,994,bigas,busog,0.1818899
926,245,bigas,walis,0.21432607
926,677,bigas,palakol,0.14879236
926,934,bigas,kalabawramo,0.33254036
926,1352,bigas,kampit,0.20275168
926,1895,bigas,damit,0.29529947
926,945,bigas,sibat,0.085628994
926,3321,bigas,lanaw,0.23850831
926,3324,bigas,bakal,0.2354567
926,3325,bigas,perlas,0.18871304
926,730,bigas,ahas,0.08560548
926,3154,bigas,baboyramo,0.32281664
926,3326,bigas,katad,0.24241146
926,1616,bigas,kayo,0.09998641
926,1927,bigas,kawayanspinyspecies,0.28600603
926,2680,bigas,gulok,0.23316607
926,846,bigas,tigre,0.17107506
1191,748,kanin,hasik,0.20140934
1191,146,kanin,tubo,0.09002397
1191,1369,kanin,ginto,0.15315297
1191,410,kanin,kamote,0.39539108
1191,1844,kanin,paraw,0.14414454
1191,1803,kanin,kahoy,0.22238274
1191,3318,kanin,gaodoar,0.08954207
1191,942,kanin,pulotpukyutan,0.284515
1191,1787,kanin,panghabi,0.2753163
1191,634,kanin,laman,0.27786013
1191,284,kanin,asarol,0.23544756
1191,133,kanin,habi,0.19168638
1191,140,kanin,palayan,0.26854035
1191,1524,kanin,alak,0.2844134
1191,2794,kanin,linang,0.19298297
1191,225,kanin,halo,0.28742564
1191,1537,kanin,tagulan,0.214146
1191,1075,kanin,panghuli,0.19633645
1191,3320,kanin,silo,0.05220994
1191,1342,kanin,taginit,0.2579135
1191,1276,kanin,taglagas,0.09534497
1191,1471,kanin,taglamig,0.17746045
1191,977,kanin,palaso,0.08317886
1191,1539,kanin,bilao,0.34403855
1191,994,kanin,busog,0.3121929
1191,245,kanin,walis,0.17858171
1191,677,kanin,palakol,0.17105862
1191,934,kanin,kalabawramo,0.23144236
1191,1352,kanin,kampit,0.18078244
1191,1895,kanin,damit,0.22102103
1191,945,kanin,sibat,0.099674806
1191,3321,kanin,lanaw,0.260558
1191,3324,kanin,bakal,0.1442607
1191,3325,kanin,perlas,0.095684715
1191,730,kanin,ahas,0.0884354
1191,3154,kanin,baboyramo,0.33869028
1191,3326,kanin,katad,0.10865968
1191,1616,kanin,kayo,0.19684975
1191,1927,kanin,kawayanspinyspecies,0.26041457
1191,2680,kanin,gulok,0.22646967
1191,846,kanin,tigre,0.07498925
748,146,hasik,tubo,0.18136656
748,1369,hasik,ginto,0.1794586
748,410,hasik,kamote,0.27321482
748,1844,hasik,paraw,0.21234047
748,1803,hasik,kahoy,0.11908086
748,3318,hasik,gaodoar,0.1874128
748,942,hasik,pulotpukyutan,0.20319909
748,1787,hasik,panghabi,0.21347462
748,634,hasik,laman,0.20826602
748,284,hasik,asarol,0.24488844
748,133,hasik,habi,0.23633374
748,140,hasik,palayan,0.3291876
748,1524,hasik,alak,0.088029586
748,2794,hasik,linang,0.34129953
748,225,hasik,halo,0.18686518
748,1537,hasik,tagulan,0.23868197
748,1075,hasik,panghuli,0.16110219
748,3320,hasik,silo,0.185759
748,1342,hasik,taginit,0.25632542
748,1276,hasik,taglagas,0.36224824
748,1471,hasik,taglamig,0.38685498
748,977,hasik,palaso,0.18829393
748,1539,hasik,bilao,0.1592672
748,994,hasik,busog,0.11108449
748,245,hasik,walis,0.13645636
748,677,hasik,palakol,0.18305439
748,934,hasik,kalabawramo,0.17126429
748,1352,hasik,kampit,0.20022759
748,1895,hasik,damit,0.032905288
748,945,hasik,sibat,0.12567222
748,3321,hasik,lanaw,0.22073095
748,3324,hasik,bakal,0.10766484
748,3325,hasik,perlas,0.08733605
748,730,hasik,ahas,0.23653013
748,3154,hasik,baboyramo,0.16627298
748,3326,hasik,katad,0.0922845
748,1616,hasik,kayo,0.19306374
748,1927,hasik,kawayanspinyspecies,0.21992087
748,2680,hasik,gulok,0.24688895
748,846,hasik,tigre,0.13782701
146,1369,tubo,ginto,0.19959241
146,410,tubo,kamote,0.17147338
146,1844,tubo,paraw,0.21163063
146,1803,tubo,kahoy,0.19861938
146,3318,tubo,gaodoar,0.0560725
146,942,tubo,pulotpukyutan,0.24264799
146,1787,tubo,panghabi,0.22770609
146,634,tubo,laman,0.2227148
146,284,tubo,asarol,0.1935065
146,133,tubo,habi,0.22276448
146,140,tubo,palayan,0.29023662
146,1524,tubo,alak,0.1945795
146,2794,tubo,linang,0.25469196
146,225,tubo,halo,0.07143229
146,1537,tubo,tagulan,0.26920873
146,1075,tubo,panghuli,0.18147117
146,3320,tubo,silo,0.22801514
146,1342,tubo,taginit,0.22164503
146,1276,tubo,taglagas,0.1052801
146,1471,tubo,taglamig,0.11453224
146,977,tubo,palaso,0.13241284
146,1539,tubo,bilao,0.28095055
146,994,tubo,busog,0.06938233
146,245,tubo,walis,0.24469721
146,677,tubo,palakol,0.20563675
146,934,tubo,kalabawramo,0.20180151
146,1352,tubo,kampit,0.26499903
146,1895,tubo,damit,0.19512187
146,945,tubo,sibat,0.07925582
146,3321,tubo,lanaw,0.25933802
146,3324,tubo,bakal,0.19184999
146,3325,tubo,perlas,0.1645538
146,730,tubo,ahas,0.19814628
146,3154,tubo,baboyramo,0.1973198
146,3326,tubo,katad,0.18247564
146,1616,tubo,kayo,0.032169458
146,1927,tubo,kawayanspinyspecies,0.22881538
146,2680,tubo,gulok,0.19655648
146,846,tubo,tigre,0.08379977
1369,410,ginto,kamote,0.18805745
1369,1844,ginto,paraw,0.22857887
1369,1803,ginto,kahoy,0.25465402
1369,3318,ginto,gaodoar,0.119158186
1369,942,ginto,pulotpukyutan,0.3185447
1369,1787,ginto,panghabi,0.3326872
1369,634,ginto,laman,0.13138935
1369,284,ginto,asarol,0.29407838
1369,133,ginto,habi,0.3313935
1369,140,ginto,palayan,0.1980027
1369,1524,ginto,alak,0.20114478
1369,2794,ginto,linang,0.33737862
1369,225,ginto,halo,0.21268606
1369,1537,ginto,tagulan,0.16798303
1369,1075,ginto,panghuli,0.124346234
1369,3320,ginto,silo,0.1193944
1369,1342,ginto,taginit,0.21181552
1369,1276,ginto,taglagas,0.11782817
1369,1471,ginto,taglamig,0.13533482
1369,977,ginto,palaso,0.16122642
1369,1539,ginto,bilao,0.1878446
1369,994,ginto,busog,0.1078503
1369,245,ginto,walis,0.17097989
1369,677,ginto,palakol,0.22148873
1369,934,ginto,kalabawramo,0.27984625
1369,1352,ginto,kampit,0.3295712
1369,1895,ginto,damit,0.24269252
1369,945,ginto,sibat,0.15357985
1369,3321,ginto,lanaw,0.2921467
1369,3324,ginto,bakal,0.33459884
1369,3325,ginto,perlas,0.41511247
1369,730,ginto,ahas,0.21426545
1369,3154,ginto,baboyramo,0.24838667
1369,3326,ginto,katad,0.29636282
1369,1616,ginto,kayo,0.11529263
1369,1927,ginto,kawayanspinyspecies,0.25100866
1369,2680,ginto,gulok,0.2061457
1369,846,ginto,tigre,0.2297011
410,1844,kamote,paraw,0.15889935
410,1803,kamote,kahoy,0.25076997
410,3318,kamote,gaodoar,0.047836527
410,942,kamote,pulotpukyutan,0.3103502
410,1787,kamote,panghabi,0.3244446
410,634,kamote,laman,0.18786192
410,284,kamote,asarol,0.22470187
410,133,kamote,habi,0.28985694
410,140,kamote,palayan,0.29852432
410,1524,kamote,alak,0.19345218
410,2794,kamote,linang,0.31213528
410,225,kamote,halo,0.21697137
410,1537,kamote,tagulan,0.18854834
410,1075,kamote,panghuli,0.18734065
410,3320,kamote,silo,0.09174906
410,1342,kamote,taginit,0.1986033
410,1276,kamote,taglagas,0.11297246
410,1471,kamote,taglamig,0.09251419
410,977,kamote,palaso,0.16888852
410,1539,kamote,bilao,0.28392547
410,994,kamote,busog,0.18865797
410,245,kamote,walis,0.2987526
410,677,kamote,palakol,0.19103916
410,934,kamote,kalabawramo,0.3251406
410,1352,kamote,kampit,0.22159421
410,1895,kamote,damit,0.1254887
410,945,kamote,sibat,0.10620408
410,3321,kamote,lanaw,0.24891217
410,3324,kamote,bakal,0.14087692
410,3325,kamote,perlas,0.14844187
410,730,kamote,ahas,0.08633992
410,3154,kamote,baboyramo,0.3422945
410,3326,kamote,katad,0.10216254
410,1616,kamote,kayo,0.16366653
410,1927,kamote,kawayanspinyspecies,0.22507352
410,2680,kamote,gulok,0.22751988
410,846,kamote,tigre,0.100362256
1844,1803,paraw,kahoy,0.3043819
1844,3318,paraw,gaodoar,0.11528163
1844,942,paraw,pulotpukyutan,0.36805964
1844,1787,paraw,panghabi,0.3105903
1844,634,paraw,laman,0.22467041
1844,284,paraw,asarol,0.2547113
1844,133,paraw,habi,0.21323879
1844,140,paraw,palayan,0.36487487
1844,1524,paraw,alak,0.23770034
1844,2794,paraw,linang,0.42064494
1844,225,paraw,halo,0.23848961
1844,1537,paraw,tagulan,0.30730292
1844,1075,paraw,panghuli,0.2374707
1844,3320,paraw,silo,0.14429347
1844,1342,paraw,taginit,0.27521276
1844,1276,paraw,taglagas,0.18650724
1844,1471,paraw,taglamig,0.19330464
1844,977,paraw,palaso,0.2074597
1844,1539,paraw,bilao,0.26130074
1844,994,paraw,busog,0.22517174
1844,245,paraw,walis,0.2670498
1844,677,paraw,palakol,0.24645898
1844,934,paraw,kalabawramo,0.43068942
1844,1352,paraw,kampit,0.35237533
1844,1895,paraw,damit,0.31166664
1844,945,paraw,sibat,0.2581777
1844,3321,paraw,lanaw,0.40709007
1844,3324,paraw,bakal,0.2743861
1844,3325,paraw,perlas,0.24489461
1844,730,paraw,ahas,0.2783085
1844,3154,paraw,baboyramo,0.3577272
1844,3326,paraw,katad,0.19675796
1844,1616,paraw,kayo,0.27464008
1844,1927,paraw,kawayanspinyspecies,0.39531314
1844,2680,paraw,gulok,0.3327509
1844,846,paraw,tigre,0.21277538
1803,3318,kahoy,gaodoar,0.048205175
1803,942,kahoy,pulotpukyutan,0.33049875
1803,1787,kahoy,panghabi,0.36728424
1803,634,kahoy,laman,0.15918075
1803,284,kahoy,asarol,0.41562694
1803,133,kahoy,habi,0.26944292
1803,140,kahoy,palayan,0.30510497
1803,1524,kahoy,alak,0.18350732
1803,2794,kahoy,linang,0.31550655
1803,225,kahoy,halo,0.16881253
1803,1537,kahoy,tagulan,0.22728111
1803,1075,kahoy,panghuli,0.1444549
1803,3320,kahoy,silo,0.24031831
1803,1342,kahoy,taginit,0.27112824
1803,1276,kahoy,taglagas,0.079978034
1803,1471,kahoy,taglamig,0.099529825
1803,977,kahoy,palaso,0.21161807
1803,1539,kahoy,bilao,0.28873146
1803,994,kahoy,busog,0.09827682
1803,245,kahoy,walis,0.30867738
1803,677,kahoy,palakol,0.37340802
1803,934,kahoy,kalabawramo,0.3259975
1803,1352,kahoy,kampit,0.3056247
1803,1895,kahoy,damit,0.2579006
1803,945,kahoy,sibat,0.31714645
1803,3321,kahoy,lanaw,0.321118
1803,3324,kahoy,bakal,0.41090867
1803,3325,kahoy,perlas,0.16911982
1803,730,kahoy,ahas,0.25325632
1803,3154,kahoy,baboyramo,0.32939845
1803,3326,kahoy,katad,0.27594173
1803,1616,kahoy,kayo,0.13042754
1803,1927,kahoy,kawayanspinyspecies,0.40223318
1803,2680,kahoy,gulok,0.31141618
1803,846,kahoy,tigre,0.19592392
3318,942,gaodoar,pulotpukyutan,0.12142142
3318,1787,gaodoar,panghabi,0.1871502
3318,634,gaodoar,laman,-0.019163143
3318,284,gaodoar,asarol,0.104468755
3318,133,gaodoar,habi,0.03161665
3318,140,gaodoar,palayan,0.097616985
3318,1524,gaodoar,alak,0.053300627
3318,2794,gaodoar,linang,0.0454973
3318,225,gaodoar,halo,0.021429956
3318,1537,gaodoar,tagulan,0.06765701
3318,1075,gaodoar,panghuli,0.092647284
3318,3320,gaodoar,silo,0.110919885
3318,1342,gaodoar,taginit,0.094247214
3318,1276,gaodoar,taglagas,0.15499185
3318,1471,gaodoar,taglamig,0.07333735
3318,977,gaodoar,palaso,0.106090605
3318,1539,gaodoar,bilao,0.08154765
3318,994,gaodoar,busog,0.13900253
3318,245,gaodoar,walis,0.07491774
3318,677,gaodoar,palakol,0.097360715
3318,934,gaodoar,kalabawramo,0.17248902
3318,1352,gaodoar,kampit,0.14507885
3318,1895,gaodoar,damit,0.06345889
3318,945,gaodoar,sibat,0.05677249
3318,3321,gaodoar,lanaw,0.2388114
3318,3324,gaodoar,bakal,0.08477619
3318,3325,gaodoar,perlas,0.10091308
3318,730,gaodoar,ahas,0.123408206
3318,3154,gaodoar,baboyramo,0.13750617
3318,3326,gaodoar,katad,0.031216275
3318,1616,gaodoar,kayo,0.065238364
3318,1927,gaodoar,kawayanspinyspecies,0.20882112
3318,2680,gaodoar,gulok,0.1404556
3318,846,gaodoar,tigre,0.07278871
942,1787,pulotpukyutan,panghabi,0.48165262
942,634,pulotpukyutan,laman,0.28945017
942,284,pulotpukyutan,asarol,0.316055
942,133,pulotpukyutan,habi,0.35396808
942,140,pulotpukyutan,palayan,0.2618297
942,1524,pulotpukyutan,alak,0.30694148
942,2794,pulotpukyutan,linang,0.42163086
942,225,pulotpukyutan,halo,0.28785697
942,1537,pulotpukyutan,tagulan,0.36404848
942,1075,pulotpukyutan,panghuli,0.20208447
942,3320,pulotpukyutan,silo,0.1154168
942,1342,pulotpukyutan,taginit,0.36928967
942,1276,pulotpukyutan,taglagas,0.15806676
942,1471,pulotpukyutan,taglamig,0.23606147
942,977,pulotpukyutan,palaso,0.13625428
942,1539,pulotpukyutan,bilao,0.23407517
942,994,pulotpukyutan,busog,0.22709635
942,245,pulotpukyutan,walis,0.24378684
942,677,pulotpukyutan,palakol,0.26610038
942,934,pulotpukyutan,kalabawramo,0.58224905
942,1352,pulotpukyutan,kampit,0.46957704
942,1895,pulotpukyutan,damit,0.32415214
942,945,pulotpukyutan,sibat,0.22595675
942,3321,pulotpukyutan,lanaw,0.63146317
942,3324,pulotpukyutan,bakal,0.23998065
942,3325,pulotpukyutan,perlas,0.23925325
942,730,pulotpukyutan,ahas,0.23854096
942,3154,pulotpukyutan,baboyramo,0.54493165
942,3326,pulotpukyutan,katad,0.34085992
942,1616,pulotpukyutan,kayo,0.25341213
942,1927,pulotpukyutan,kawayanspinyspecies,0.54212886
942,2680,pulotpukyutan,gulok,0.2599815
942,846,pulotpukyutan,tigre,0.2215725
1787,634,panghabi,laman,0.18794857
1787,284,panghabi,asarol,0.42171896
1787,133,panghabi,habi,0.62497824
1787,140,panghabi,palayan,0.3899142
1787,1524,panghabi,alak,0.25398496
1787,2794,panghabi,linang,0.42202768
1787,225,panghabi,halo,0.18979356
1787,1537,panghabi,tagulan,0.21485218
1787,1075,panghabi,panghuli,0.34029478
1787,3320,panghabi,silo,0.24535643
1787,1342,panghabi,taginit,0.2640167
1787,1276,panghabi,taglagas,0.18827741
1787,1471,panghabi,taglamig,0.172865
1787,977,panghabi,palaso,0.27007708
1787,1539,panghabi,bilao,0.23723334
1787,994,panghabi,busog,0.19282666
1787,245,panghabi,walis,0.3105527
1787,677,panghabi,palakol,0.3184782
1787,934,panghabi,kalabawramo,0.45526302
1787,1352,panghabi,kampit,0.42396674
1787,1895,panghabi,damit,0.3985867
1787,945,panghabi,sibat,0.3979877
1787,3321,panghabi,lanaw,0.49478656
1787,3324,panghabi,bakal,0.3240717
1787,3325,panghabi,perlas,0.24316189
1787,730,panghabi,ahas,0.1634881
1787,3154,panghabi,baboyramo,0.41823623
1787,3326,panghabi,katad,0.32672742
1787,1616,panghabi,kayo,0.08397322
1787,1927,panghabi,kawayanspinyspecies,0.45584622
1787,2680,panghabi,gulok,0.37550992
1787,846,panghabi,tigre,0.16835102
634,284,laman,asarol,0.19145557
634,133,laman,habi,0.18902497
634,140,laman,palayan,0.16396892
634,1524,laman,alak,0.3082208
634,2794,laman,linang,0.2302204
634,225,laman,halo,0.23187785
634,1537,laman,tagulan,0.18482451
634,1075,laman,panghuli,0.16903475
634,3320,laman,silo,0.14985695
634,1342,laman,taginit,0.25961587
634,1276,laman,taglagas,0.15402202
634,1471,laman,taglamig,0.1290798
634,977,laman,palaso,0.083009146
634,1539,laman,bilao,0.2851768
634,994,laman,busog,0.20131622
634,245,laman,walis,0.09046749
634,677,laman,palakol,0.18692657
634,934,laman,kalabawramo,0.20917156
634,1352,laman,kampit,0.27728176
634,1895,laman,damit,0.26405752
634,945,laman,sibat,0.061179012
634,3321,laman,lanaw,0.28099772
634,3324,laman,bakal,0.25030494
634,3325,laman,perlas,0.1672013
634,730,laman,ahas,0.16228172
634,3154,laman,baboyramo,0.2559616
634,3326,laman,katad,0.15120566
634,1616,laman,kayo,0.20056506
634,1927,laman,kawayanspinyspecies,0.18825594
634,2680,laman,gulok,0.24513009
634,846,laman,tigre,0.14824985
284,133,asarol,habi,0.27824277
284,140,asarol,palayan,0.36648372
284,1524,asarol,alak,0.20095238
284,2794,asarol,linang,0.38375732
284,225,asarol,halo,0.19861099
284,1537,asarol,tagulan,0.1799574
284,1075,asarol,panghuli,0.117383644
284,3320,asarol,silo,0.23752749
284,1342,asarol,taginit,0.19047688
284,1276,asarol,taglagas,0.107482046
284,1471,asarol,taglamig,0.19537379
284,977,asarol,palaso,0.2684348
284,1539,asarol,bilao,0.34522572
284,994,asarol,busog,0.13659796
284,245,asarol,walis,0.35169744
284,677,asarol,palakol,0.40602335
284,934,asarol,kalabawramo,0.29992956
284,1352,asarol,kampit,0.3573942
284,1895,asarol,damit,0.27115583
284,945,asarol,sibat,0.43926516
284,3321,asarol,lanaw,0.3026518
284,3324,asarol,bakal,0.33238974
284,3325,asarol,perlas,0.18857473
284,730,asarol,ahas,0.16541229
284,3154,asarol,baboyramo,0.23931925
284,3326,asarol,katad,0.21121068
284,1616,asarol,kayo,0.12345134
284,1927,asarol,kawayanspinyspecies,0.23905341
284,2680,asarol,gulok,0.4372563
284,846,asarol,tigre,0.15508637
133,140,habi,palayan,0.23421599
133,1524,habi,alak,0.13863994
133,2794,habi,linang,0.39298785
133,225,habi,halo,0.26130727
133,1537,habi,tagulan,0.17334357
133,1075,habi,panghuli,0.21776985
133,3320,habi,silo,0.15560849
133,1342,habi,taginit,0.18267237
133,1276,habi,taglagas,0.16380756
133,1471,habi,taglamig,0.19917078
133,977,habi,palaso,0.1476212
133,1539,habi,bilao,0.19914748
133,994,habi,busog,0.036192555
133,245,habi,walis,0.19815245
133,677,habi,palakol,0.19666582
133,934,habi,kalabawramo,0.27227625
133,1352,habi,kampit,0.3221035
133,1895,habi,damit,0.37305722
133,945,habi,sibat,0.2062214
133,3321,habi,lanaw,0.33929917
133,3324,habi,bakal,0.24907173
133,3325,habi,perlas,0.23756097
133,730,habi,ahas,0.087524794
133,3154,habi,baboyramo,0.26014262
133,3326,habi,katad,0.25087637
133,1616,habi,kayo,0.007277828
133,1927,habi,kawayanspinyspecies,0.3714618
133,2680,habi,gulok,0.2149224
133,846,habi,tigre,0.07363162
140,1524,palayan,alak,0.11184176
140,2794,palayan,linang,0.417404
140,225,palayan,halo,0.14420027
140,1537,palayan,tagulan,0.3790995
140,1075,palayan,panghuli,0.25287956
140,3320,palayan,silo,0.10984705
140,1342,palayan,taginit,0.29896244
140,1276,palayan,taglagas,0.20814027
140,1471,palayan,taglamig,0.1698075
140,977,palayan,palaso,0.15704174
140,1539,palayan,bilao,0.28338012
140,994,palayan,busog,0.12502307
140,245,palayan,walis,0.25796175
140,677,palayan,palakol,0.29595312
140,934,palayan,kalabawramo,0.41338494
140,1352,palayan,kampit,0.26639843
140,1895,palayan,damit,0.24923815
140,945,palayan,sibat,0.1384477
140,3321,palayan,lanaw,0.38403454
140,3324,palayan,bakal,0.23289704
140,3325,palayan,perlas,0.12660414
140,730,palayan,ahas,0.20839731
140,3154,palayan,baboyramo,0.33465222
140,3326,palayan,katad,0.12967786
140,1616,palayan,kayo,0.13626309
140,1927,palayan,kawayanspinyspecies,0.2594339
140,2680,palayan,gulok,0.32343554
140,846,palayan,tigre,0.107251465
1524,2794,alak,linang,0.13681081
1524,225,alak,halo,0.28700027
1524,1537,alak,tagulan,0.18914406
1524,1075,alak,panghuli,0.11747735
1524,3320,alak,silo,0.022717176
1524,1342,alak,taginit,0.310775
1524,1276,alak,taglagas,0.080457926
1524,1471,alak,taglamig,0.15739432
1524,977,alak,palaso,0.09247351
1524,1539,alak,bilao,0.21871085
1524,994,alak,busog,0.21041264
1524,245,alak,walis,0.109150484
1524,677,alak,palakol,0.12081935
1524,934,alak,kalabawramo,0.213257
1524,1352,alak,kampit,0.2104399
1524,1895,alak,damit,0.29061356
1524,945,alak,sibat,0.12096761
1524,3321,alak,lanaw,0.24302533
1524,3324,alak,bakal,0.17974344
1524,3325,alak,perlas,0.09395385
1524,730,alak,ahas,0.13594043
1524,3154,alak,baboyramo,0.24454056
1524,3326,alak,katad,0.17256849
1524,1616,alak,kayo,0.12504181
1524,1927,alak,kawayanspinyspecies,0.20169035
1524,2680,alak,gulok,0.2004873
1524,846,alak,tigre,0.05896809
2794,225,linang,halo,0.21641383
2794,1537,linang,tagulan,0.2559683
2794,1075,linang,panghuli,0.20930728
2794,3320,linang,silo,0.13866958
2794,1342,linang,taginit,0.3012095
2794,1276,linang,taglagas,0.22602968
2794,1471,linang,taglamig,0.23967783
2794,977,linang,palaso,0.21896249
2794,1539,linang,bilao,0.3311757
2794,994,linang,busog,0.12767811
2794,245,linang,walis,0.24061953
2794,677,linang,palakol,0.23934147
2794,934,linang,kalabawramo,0.37062374
2794,1352,linang,kampit,0.34094512
2794,1895,linang,damit,0.30250803
2794,945,linang,sibat,0.24918135
2794,3321,linang,lanaw,0.45131534
2794,3324,linang,bakal,0.32933462
2794,3325,linang,perlas,0.28386772
2794,730,linang,ahas,0.24451204
2794,3154,linang,baboyramo,0.3494379
2794,3326,linang,katad,0.2989911
2794,1616,linang,kayo,0.2143174
2794,1927,linang,kawayanspinyspecies,0.3705641
2794,2680,linang,gulok,0.40697265
2794,846,linang,tigre,0.20052417
225,1537,halo,tagulan,0.19189888
225,1075,halo,panghuli,0.10727948
225,3320,halo,silo,0.032934424
225,1342,halo,taginit,0.1584045
225,1276,halo,taglagas,0.16984168
225,1471,halo,taglamig,0.06510355
225,977,halo,palaso,-0.010075717
225,1539,halo,bilao,0.17088301
225,994,halo,busog,0.18153268
225,245,halo,walis,0.105036065
225,677,halo,palakol,0.123884544
225,934,halo,kalabawramo,0.20041348
225,1352,halo,kampit,0.20676532
225,1895,halo,damit,0.1761969
225,945,halo,sibat,0.06360814
225,3321,halo,lanaw,0.291389
225,3324,halo,bakal,0.24386911
225,3325,halo,perlas,0.13513145
225,730,halo,ahas,0.114978276
225,3154,halo,baboyramo,0.2525529
225,3326,halo,katad,0.078960836
225,1616,halo,kayo,0.16454993
225,1927,halo,kawayanspinyspecies,0.2085266
225,2680,halo,gulok,0.097776756
225,846,halo,tigre,0.09027599
1537,1075,tagulan,panghuli,0.081752084
1537,3320,tagulan,silo,0.07041955
1537,1342,tagulan,taginit,0.4730791
1537,1276,tagulan,taglagas,0.30663183
1537,1471,tagulan,taglamig,0.30913717
1537,977,tagulan,palaso,0.08025774
1537,1539,tagulan,bilao,0.08533123
1537,994,tagulan,busog,0.18799756
1537,245,tagulan,walis,0.2248985
1537,677,tagulan,palakol,0.19237177
1537,934,tagulan,kalabawramo,0.3677048
1537,1352,tagulan,kampit,0.29343763
1537,1895,tagulan,damit,0.24973696
1537,945,tagulan,sibat,0.024721256
1537,3321,tagulan,lanaw,0.37271255
1537,3324,tagulan,bakal,0.13870709
1537,3325,tagulan,perlas,0.047353614
1537,730,tagulan,ahas,0.0965617
1537,3154,tagulan,baboyramo,0.29622132
1537,3326,tagulan,katad,0.17345525
1537,1616,tagulan,kayo,0.1999163
1537,1927,tagulan,kawayanspinyspecies,0.26248622
1537,2680,tagulan,gulok,0.15204576
1537,846,tagulan,tigre,0.11394314
1075,3320,panghuli,silo,0.23048627
1075,1342,panghuli,taginit,0.09716399
1075,1276,panghuli,taglagas,0.091438614
1075,1471,panghuli,taglamig,0.1234381
1075,977,panghuli,palaso,0.0742385
1075,1539,panghuli,bilao,0.12188884
1075,994,panghuli,busog,0.12319659
1075,245,panghuli,walis,0.15247984
1075,677,panghuli,palakol,0.15866043
1075,934,panghuli,kalabawramo,0.16270918
1075,1352,panghuli,kampit,0.2615102
1075,1895,panghuli,damit,0.12448702
1075,945,panghuli,sibat,0.12110968
1075,3321,panghuli,lanaw,0.20287111
1075,3324,panghuli,bakal,0.1428353
1075,3325,panghuli,perlas,0.18141073
1075,730,panghuli,ahas,0.13168116
1075,3154,panghuli,baboyramo,0.1878729
1075,3326,panghuli,katad,0.1604247
1075,1616,panghuli,kayo,0.10412073
1075,1927,panghuli,kawayanspinyspecies,0.25761577
1075,2680,panghuli,gulok,0.1687326
1075,846,panghuli,tigre,0.09211035
3320,1342,silo,taginit,0.10160791
3320,1276,silo,taglagas,0.14685178
3320,1471,silo,taglamig,0.10811708
3320,977,silo,palaso,0.20224467
3320,1539,silo,bilao,0.10548477
3320,994,silo,busog,0.097852185
3320,245,silo,walis,0.16579206
3320,677,silo,palakol,0.25312895
3320,934,silo,kalabawramo,0.17028768
3320,1352,silo,kampit,0.27804324
3320,1895,silo,damit,0.13088703
3320,945,silo,sibat,0.2220644
3320,3321,silo,lanaw,0.116976924
3320,3324,silo,bakal,0.24968639
3320,3325,silo,perlas,0.069178745
3320,730,silo,ahas,0.21524405
3320,3154,silo,baboyramo,0.13874531
3320,3326,silo,katad,0.21391736
3320,1616,silo,kayo,0.15595758
3320,1927,silo,kawayanspinyspecies,0.11961424
3320,2680,silo,gulok,0.2918872
3320,846,silo,tigre,0.110868506
1342,1276,taginit,taglagas,0.26685888
1342,1471,taginit,taglamig,0.3806644
1342,977,taginit,palaso,0.16456234
1342,1539,taginit,bilao,0.11214898
1342,994,taginit,busog,0.24234985
1342,245,taginit,walis,0.1763354
1342,677,taginit,palakol,0.15302503
1342,934,taginit,kalabawramo,0.33950204
1342,1352,taginit,kampit,0.2747459
1342,1895,taginit,damit,0.29978055
1342,945,taginit,sibat,0.10643186
1342,3321,taginit,lanaw,0.36219963
1342,3324,taginit,bakal,0.24162315
1342,3325,taginit,perlas,0.16018865
1342,730,taginit,ahas,0.1737325
1342,3154,taginit,baboyramo,0.32749954
1342,3326,taginit,katad,0.22405992
1342,1616,taginit,kayo,0.13069083
1342,1927,taginit,kawayanspinyspecies,0.26378825
1342,2680,taginit,gulok,0.18218493
1342,846,taginit,tigre,0.10039784
1276,1471,taglagas,taglamig,0.5294749
1276,977,taglagas,palaso,0.111614645
1276,1539,taglagas,bilao,0.06285719
1276,994,taglagas,busog,0.13628197
1276,245,taglagas,walis,0.15183121
1276,677,taglagas,palakol,0.082736224
1276,934,taglagas,kalabawramo,0.24813002
1276,1352,taglagas,kampit,0.08872305
1276,1895,taglagas,damit,0.19661006
1276,945,taglagas,sibat,0.071552224
1276,3321,taglagas,lanaw,0.2423441
1276,3324,taglagas,bakal,0.059374765
1276,3325,taglagas,perlas,0.09638787
1276,730,taglagas,ahas,0.044838555
1276,3154,taglagas,baboyramo,0.20773916
1276,3326,taglagas,katad,0.12055758
1276,1616,taglagas,kayo,0.05827323
1276,1927,taglagas,kawayanspinyspecies,0.1536854
1276,2680,taglagas,gulok,0.111336716
1276,846,taglagas,tigre,0.08621701
1471,977,taglamig,palaso,0.052381556
1471,1539,taglamig,bilao,0.05885581
1471,994,taglamig,busog,0.067317255
1471,245,taglamig,walis,0.09078986
1471,677,taglamig,palakol,0.032356836
1471,934,taglamig,kalabawramo,0.23041797
1471,1352,taglamig,kampit,0.117857225
1471,1895,taglamig,damit,0.26071566
1471,945,taglamig,sibat,0.04122336
1471,3321,taglamig,lanaw,0.18466015
1471,3324,taglamig,bakal,0.066451564
1471,3325,taglamig,perlas,0.070452705
1471,730,taglamig,ahas,0.03568153
1471,3154,taglamig,baboyramo,0.23082662
1471,3326,taglamig,katad,0.20026125
1471,1616,taglamig,kayo,0.10885146
1471,1927,taglamig,kawayanspinyspecies,0.20152076
1471,2680,taglamig,gulok,0.07455035
1471,846,taglamig,tigre,0.11111127
977,1539,palaso,bilao,0.15138318
977,994,palaso,busog,0.3552716
977,245,palaso,walis,0.18144403
977,677,palaso,palakol,0.24526215
977,934,palaso,kalabawramo,0.24410322
977,1352,palaso,kampit,0.23767187
977,1895,palaso,damit,0.111780174
977,945,palaso,sibat,0.47577587
977,3321,palaso,lanaw,0.20102966
977,3324,palaso,bakal,0.22433296
977,3325,palaso,perlas,0.15975979
977,730,palaso,ahas,0.14253783
977,3154,palaso,baboyramo,0.20164517
977,3326,palaso,katad,0.21968584
977,1616,palaso,kayo,0.080229916
977,1927,palaso,kawayanspinyspecies,0.16323113
977,2680,palaso,gulok,0.26356274
977,846,palaso,tigre,0.22619145
1539,994,bilao,busog,0.13404149
1539,245,bilao,walis,0.3279113
1539,677,bilao,palakol,0.2169811
1539,934,bilao,kalabawramo,0.27296904
1539,1352,bilao,kampit,0.21573623
1539,1895,bilao,damit,0.24700217
1539,945,bilao,sibat,0.14849856
1539,3321,bilao,lanaw,0.25300854
1539,3324,bilao,bakal,0.22771753
1539,3325,bilao,perlas,0.13654102
1539,730,bilao,ahas,0.15195486
1539,3154,bilao,baboyramo,0.29732937
1539,3326,bilao,katad,0.25216618
1539,1616,bilao,kayo,0.045653906
1539,1927,bilao,kawayanspinyspecies,0.2436114
1539,2680,bilao,gulok,0.3641206
1539,846,bilao,tigre,0.2042558
994,245,busog,walis,0.1339238
994,677,busog,palakol,0.17263223
994,934,busog,kalabawramo,0.1604007
994,1352,busog,kampit,0.223799
994,1895,busog,damit,0.14536856
994,945,busog,sibat,0.24146532
994,3321,busog,lanaw,0.16388717
994,3324,busog,bakal,0.13734873
994,3325,busog,perlas,0.116168186
994,730,busog,ahas,0.20660873
994,3154,busog,baboyramo,0.20338593
994,3326,busog,katad,0.11476537
994,1616,busog,kayo,0.21780808
994,1927,busog,kawayanspinyspecies,0.14665262
994,2680,busog,gulok,0.13746656
994,846,busog,tigre,0.16519484
245,677,walis,palakol,0.31456056
245,934,walis,kalabawramo,0.24807146
245,1352,walis,kampit,0.21064761
245,1895,walis,damit,0.3031715
245,945,walis,sibat,0.23274618
245,3321,walis,lanaw,0.29200602
245,3324,walis,bakal,0.24727136
245,3325,walis,perlas,0.11614904
245,730,walis,ahas,0.022954704
245,3154,walis,baboyramo,0.19638807
245,3326,walis,katad,0.1841287
245,1616,walis,kayo,0.11890355
245,1927,walis,kawayanspinyspecies,0.19125764
245,2680,walis,gulok,0.26962164
245,846,walis,tigre,0.09581621
677,934,palakol,kalabawramo,0.22697647
677,1352,palakol,kampit,0.3830791
677,1895,palakol,damit,0.15286823
677,945,palakol,sibat,0.36213636
677,3321,palakol,lanaw,0.22715965
677,3324,palakol,bakal,0.38339478
677,3325,palakol,perlas,0.2197818
677,730,palakol,ahas,0.2865397
677,3154,palakol,baboyramo,0.24357423
677,3326,palakol,katad,0.12596644
677,1616,palakol,kayo,0.09072531
677,1927,palakol,kawayanspinyspecies,0.39969084
677,2680,palakol,gulok,0.40097842
677,846,palakol,tigre,0.19782844
934,1352,kalabawramo,kampit,0.44823697
934,1895,kalabawramo,damit,0.30737102
934,945,kalabawramo,sibat,0.18168387
934,3321,kalabawramo,lanaw,0.6050374
934,3324,kalabawramo,bakal,0.31035835
934,3325,kalabawramo,perlas,0.2285913
934,730,kalabawramo,ahas,0.25005126
934,3154,kalabawramo,baboyramo,0.7745098
934,3326,kalabawramo,katad,0.29200134
934,1616,kalabawramo,kayo,0.16152509
934,1927,kalabawramo,kawayanspinyspecies,0.55190283
934,2680,kalabawramo,gulok,0.3313261
934,846,kalabawramo,tigre,0.31370416
1352,1895,kampit,damit,0.2995248
1352,945,kampit,sibat,0.32597485
1352,3321,kampit,lanaw,0.48718643
1352,3324,kampit,bakal,0.28658357
1352,3325,kampit,perlas,0.2799344
1352,730,kampit,ahas,0.24489653
1352,3154,kampit,baboyramo,0.40435922
1352,3326,kampit,katad,0.14862037
1352,1616,kampit,kayo,0.18266349
1352,1927,kampit,kawayanspinyspecies,0.45605105
1352,2680,kampit,gulok,0.46748805
1352,846,kampit,tigre,0.2472635
1895,945,damit,sibat,0.1771083
1895,3321,damit,lanaw,0.34980774
1895,3324,damit,bakal,0.21740541
1895,3325,damit,perlas,0.19095375
1895,730,damit,ahas,0.17897694
1895,3154,damit,baboyramo,0.2865357
1895,3326,damit,katad,0.3280335
1895,1616,damit,kayo,0.18906862
1895,1927,damit,kawayanspinyspecies,0.2829019
1895,2680,damit,gulok,0.28156286
1895,846,damit,tigre,0.14028536
945,3321,sibat,lanaw,0.21739498
945,3324,sibat,bakal,0.25847936
945,3325,sibat,perlas,0.20706479
945,730,sibat,ahas,0.24798964
945,3154,sibat,baboyramo,0.24054682
945,3326,sibat,katad,0.15914059
945,1616,sibat,kayo,0.10896425
945,1927,sibat,kawayanspinyspecies,0.25947976
945,2680,sibat,gulok,0.4569858
945,846,sibat,tigre,0.2346045
3321,3324,lanaw,bakal,0.22024484
3321,3325,lanaw,perlas,0.25153401
3321,730,lanaw,ahas,0.19579856
3321,3154,lanaw,baboyramo,0.57198286
3321,3326,lanaw,katad,0.23869768
3321,1616,lanaw,kayo,0.19135709
3321,1927,lanaw,kawayanspinyspecies,0.4735894
3321,2680,lanaw,gulok,0.3116566
3321,846,lanaw,tigre,0.1934429
3324,3325,bakal,perlas,0.17535117
3324,730,bakal,ahas,0.24180782
3324,3154,bakal,baboyramo,0.2837045
3324,3326,bakal,katad,0.3050706
3324,1616,bakal,kayo,0.11584743
3324,1927,bakal,kawayanspinyspecies,0.252736
3324,2680,bakal,gulok,0.3404021
3324,846,bakal,tigre,0.21074975
3325,730,perlas,ahas,0.19492657
3325,3154,perlas,baboyramo,0.25365275
3325,3326,perlas,katad,0.20460555
3325,1616,perlas,kayo,0.05021695
3325,1927,perlas,kawayanspinyspecies,0.2644465
3325,2680,perlas,gulok,0.25736818
3325,846,perlas,tigre,0.279079
730,3154,ahas,baboyramo,0.28860953
730,3326,ahas,katad,0.12810545
730,1616,ahas,kayo,0.20937394
730,1927,ahas,kawayanspinyspecies,0.26956964
730,2680,ahas,gulok,0.2743055
730,846,ahas,tigre,0.29397118
3154,3326,baboyramo,katad,0.30774277
3154,1616,baboyramo,kayo,0.15487245
3154,1927,baboyramo,kawayanspinyspecies,0.56025845
3154,2680,baboyramo,gulok,0.31670937
3154,846,baboyramo,tigre,0.3499775
3326,1616,katad,kayo,0.06562544
3326,1927,katad,kawayanspinyspecies,0.21256724
3326,2680,katad,gulok,0.16662133
3326,846,katad,tigre,0.12109138
1616,1927,kayo,kawayanspinyspecies,0.13842109
1616,2680,kayo,gulok,0.13450734
1616,846,kayo,tigre,0.13630725
1927,2680,kawayanspinyspecies,gulok,0.27106386
1927,846,kawayanspinyspecies,tigre,0.307241
2680,846,gulok,tigre,0.23864935
